model,year,price,transmission,mileage,fuelType,tax,mpg,engineSize
 SLK,2005,5200,Automatic,63000,Petrol,325,32.1,1.8
 S Class,2017,34948,Automatic,27000,Hybrid,20,61.4,2.1
 SL CLASS,2016,49948,Automatic,6200,Petrol,555,28.0,5.5
 G Class,2016,61948,Automatic,16000,Petrol,325,30.4,4.0
 G Class,2016,73948,Automatic,4000,Petrol,325,30.1,4.0
 SL CLASS,2011,149948,Automatic,3000,Petrol,570,21.4,6.2
 GLE Class,2018,30948,Automatic,16000,Diesel,145,47.9,2.1
 S Class,2012,10948,Automatic,107000,Petrol,265,36.7,3.5
 G Class,2019,139948,Automatic,12000,Petrol,145,21.4,4.0
 GLA Class,2017,19750,Automatic,15258,Diesel,30,64.2,2.1
 A Class,2020,32980,Automatic,606,Petrol,145,35.8,2.0
 A Class,2020,26980,Automatic,1000,Diesel,145,62.8,1.5
 B Class,2019,23750,Automatic,278,Diesel,145,55.4,2.0
 GLC Class,2019,67980,Automatic,5500,Petrol,145,21.7,4.0
 GLA Class,2016,18980,Automatic,41713,Diesel,125,56.6,2.1
 B Class,2017,15890,Automatic,24841,Diesel,150,68.9,1.5
 C Class,2017,19890,Automatic,30281,Diesel,150,60.1,2.1
 GLE Class,2019,56800,Automatic,2483,Petrol,145,29.5,3.0
 B Class,2017,17513,Automatic,14128,Diesel,150,68.9,2.1
 C Class,2014,15701,Automatic,20498,Diesel,20,64.2,2.1
 C Class,2019,26601,Automatic,9949,Diesel,150,64.2,2.0
 C Class,2016,17672,Automatic,31656,Diesel,30,64.2,2.1
 E Class,2015,20769,Automatic,21874,Diesel,165,51.4,3.0
 E Class,2017,22270,Automatic,13398,Diesel,165,52.3,3.0
 GL Class,2015,34129,Automatic,13581,Diesel,330,36.2,3.0
 SL CLASS,2017,20601,Automatic,16730,Diesel,150,70.6,2.1
 CLS Class,2016,25077,Automatic,13887,Diesel,165,49.6,3.0
 SL CLASS,2017,21609,Automatic,2780,Diesel,30,70.6,2.1
 SL CLASS,2018,22914,Automatic,8725,Petrol,145,47.9,2.0
 C Class,2016,19328,Automatic,25042,Diesel,30,64.2,2.1
 C Class,2019,29546,Automatic,7990,Diesel,145,54.3,2.0
 GLC Class,2019,35611,Automatic,26153,Diesel,145,45.6,3.0
 C Class,2017,15311,Automatic,31371,Diesel,20,65.7,2.1
 A Class,2020,28128,Automatic,2563,Petrol,145,47.9,1.3
 A Class,2019,23184,Manual,1173,Petrol,145,44.8,1.3
 A Class,2017,15787,Automatic,24092,Diesel,20,70.6,2.1
 GLC Class,2018,30682,Automatic,14517,Diesel,145,56.5,2.1
 A Class,2019,25701,Automatic,11000,Diesel,150,56.5,2.0
 C Class,2020,31790,Automatic,3500,Petrol,145,64.2,2.0
 A Class,2019,25190,Automatic,2471,Diesel,145,56.5,2.0
 SLK,2014,15990,Automatic,43955,Petrol,205,43.5,1.8
 CLS Class,2018,34990,Automatic,18837,Diesel,150,47.9,2.9
 GLC Class,2019,30799,Automatic,9886,Diesel,145,41.5,2.1
 C Class,2017,19743,Automatic,16509,Diesel,145,61.4,2.1
 C Class,2019,24055,Automatic,7475,Diesel,145,61.4,2.0
 B Class,2019,20945,Automatic,13661,Petrol,145,45.6,1.3
 C Class,2019,28524,Automatic,8263,Diesel,145,57.7,2.0
 E Class,2019,24541,Automatic,10279,Diesel,145,67.3,2.0
 E Class,2017,20880,Automatic,37000,Diesel,30,65.7,2.0
 A Class,2006,2880,Automatic,66000,Diesel,160,52.3,2.0
 CLC Class,2010,5880,Automatic,40000,Petrol,300,34.0,1.8
 C Class,2015,14940,Automatic,43000,Diesel,20,64.2,2.1
 SLK,2004,4890,Automatic,46000,Petrol,330,28.0,3.5
 SL CLASS,2010,16990,Automatic,18000,Petrol,555,29.1,3.5
 B Class,2010,3890,Automatic,71000,Petrol,240,40.9,1.5
 B Class,2011,3990,Automatic,90000,Petrol,240,40.9,1.5
 A Class,2011,3440,Manual,74000,Diesel,150,54.3,2.0
 GLE Class,2020,48995,Automatic,3000,Diesel,145,36.7,2.0
 SLK,2008,5980,Automatic,60000,Petrol,280,34.4,1.8
 E Class,2015,13990,Automatic,52000,Diesel,125,60.1,2.1
 CLA Class,2016,14480,Automatic,84000,Petrol,200,42.8,2.0
 E Class,2010,6980,Manual,79000,Petrol,300,35.3,1.8
 C Class,2014,11290,Automatic,48000,Diesel,145,56.5,2.1
 E Class,2011,5740,Manual,115000,Diesel,160,52.3,2.1
 V Class,2017,31980,Automatic,16000,Diesel,145,44.8,2.1
 CLA Class,2014,15990,Automatic,45000,Diesel,30,62.8,2.1
 B Class,2015,11240,Automatic,47000,Diesel,125,56.5,2.1
 GLC Class,2019,37980,Automatic,6200,Petrol,145,34.0,3.0
 C Class,2019,28980,Automatic,5500,Diesel,145,60.1,2.0
 C Class,2019,23280,Automatic,3908,Petrol,145,44.1,1.5
 C Class,2019,32980,Automatic,2000,Diesel,145,64.2,2.0
 M Class,2008,5990,Automatic,110000,Diesel,555,28.8,3.0
 A Class,2013,7300,Automatic,54000,Diesel,30,65.7,1.8
 S Class,2014,41980,Automatic,26000,Petrol,555,28.0,5.5
 GL Class,2007,7340,Automatic,104000,Diesel,570,28.8,3.0
 GL Class,2007,8490,Automatic,74000,Diesel,570,28.8,3.0
 C Class,2009,4480,Automatic,130000,Diesel,300,37.7,3.0
 S Class,2016,24880,Automatic,75000,Hybrid,190,42.4,3.5
 E Class,2015,17480,Automatic,22000,Diesel,140,53.3,3.0
 E Class,2007,4880,Automatic,58000,Diesel,315,37.2,3.0
 S Class,2015,38980,Automatic,11000,Petrol,270,33.2,4.7
 SLK,2010,7495,Manual,59147,Petrol,300,36.2,1.8
 C Class,2007,3790,Automatic,99000,Petrol,555,28.8,2.5
 C Class,2007,3890,Automatic,87000,Petrol,325,32.5,1.8
 CL Class,2015,17863,Semi-Auto,14360,Diesel,20,62.8,2.1
 GLA Class,2015,17624,Automatic,29505,Diesel,125,55.4,2.1
 A Class,2018,18220,Automatic,10361,Diesel,145,68.9,1.5
 SL CLASS,2017,18775,Automatic,19522,Diesel,30,70.6,2.1
 SL CLASS,2017,20745,Automatic,23103,Diesel,30,70.6,2.1
 A Class,2019,18118,Automatic,15561,Diesel,145,68.9,1.5
 A Class,2019,17990,Automatic,14783,Diesel,145,65.7,1.5
 SL CLASS,2019,28491,Semi-Auto,9477,Petrol,145,47.1,2.0
 A Class,2018,18888,Automatic,11565,Diesel,145,67.3,1.5
 A Class,2019,19840,Automatic,6781,Petrol,145,28.5,1.3
 A Class,2019,18241,Automatic,15722,Diesel,145,65.7,1.5
 A Class,2019,18141,Automatic,15689,Diesel,145,65.7,1.5
 GLS Class,2016,37385,Automatic,21169,Diesel,305,37.2,3.0
 CLS Class,2017,26166,Automatic,9165,Diesel,150,51.4,3.0
 B Class,2019,24616,Automatic,3710,Diesel,145,55.4,2.0
 C Class,2019,30403,Automatic,3000,Petrol,145,46.3,1.5
 SL CLASS,2019,30670,Automatic,3000,Petrol,145,47.1,2.0
 C Class,2020,30960,Automatic,3000,Diesel,145,64.2,2.0
 A Class,2020,24107,Automatic,3500,Diesel,145,62.8,1.5
 C Class,2019,24510,Automatic,11368,Diesel,145,58.9,1.6
 GL Class,2016,35371,Automatic,14253,Diesel,325,36.2,3.0
 GLC Class,2019,33729,Automatic,11301,Diesel,145,56.5,2.1
 C Class,2019,29623,Automatic,7500,Diesel,145,64.2,2.0
 C Class,2019,27964,Automatic,5617,Diesel,145,57.7,2.0
 B Class,2019,21394,Automatic,9573,Petrol,145,45.6,1.3
 B Class,2019,20882,Automatic,14257,Petrol,145,45.6,1.3
 CLS Class,2019,37352,Automatic,3000,Diesel,150,45.6,2.0
 C Class,2018,18051,Automatic,11319,Diesel,145,65.7,1.6
 C Class,2019,24433,Automatic,2326,Petrol,145,46.3,1.5
 GLC Class,2019,37116,Automatic,6250,Diesel,145,40.9,2.0
 GLA Class,2019,22375,Automatic,13850,Diesel,145,67.3,2.1
 C Class,2019,24915,Automatic,13101,Diesel,145,61.4,2.0
 E Class,2019,29991,Automatic,10356,Diesel,145,70.6,2.0
 A Class,2019,22596,Automatic,5382,Diesel,145,62.8,1.5
 A Class,2019,22730,Automatic,1521,Diesel,145,56.5,2.0
 C Class,2019,26154,Automatic,14696,Diesel,145,56.5,2.0
 E Class,2020,35438,Automatic,3500,Diesel,145,42.8,2.0
 C Class,2019,27980,Automatic,3168,Diesel,145,55.4,2.0
 C Class,2019,28250,Automatic,3477,Diesel,145,61.4,2.0
 B Class,2019,23280,Automatic,6441,Petrol,145,44.1,1.3
 C Class,2017,15700,Automatic,19023,Diesel,145,65.7,2.1
 CLA Class,2017,18790,Automatic,8423,Diesel,150,67.3,2.1
 GLE Class,2020,54995,Automatic,6700,Diesel,150,32.8,3.0
 A Class,2018,20450,Automatic,6511,Diesel,150,65.7,1.5
 A Class,2014,11980,Automatic,66690,Diesel,20,64.2,2.1
 C Class,2017,19890,Automatic,26878,Petrol,150,48.7,2.0
 GLA Class,2018,20350,Automatic,24556,Diesel,145,56.5,2.1
 E Class,2017,22890,Automatic,34934,Diesel,150,61.4,2.0
 A Class,2017,18890,Automatic,7875,Petrol,150,53.3,1.6
 B Class,2017,15480,Automatic,23290,Diesel,20,68.9,2.1
 E Class,2016,16480,Automatic,48889,Diesel,125,58.9,2.1
 CLA Class,2017,20480,Automatic,31949,Diesel,150,58.9,2.1
 GLC Class,2016,25780,Automatic,34358,Diesel,125,56.5,2.1
 C Class,2017,21000,Automatic,25000,Hybrid,140,134.5,2.0
 GLA Class,2016,17800,Automatic,34092,Diesel,125,56.6,2.1
 B Class,2019,20700,Automatic,14931,Petrol,145,45.6,1.3
 C Class,2016,17890,Automatic,44184,Petrol,125,50.4,2.0
 C Class,2009,4200,Automatic,96000,Diesel,235,42.2,2.1
 E Class,2017,20998,Semi-Auto,21352,Diesel,20,72.4,2.0
 GLA Class,2015,18998,Semi-Auto,33114,Diesel,125,56.5,2.1
 C Class,2017,24998,Semi-Auto,28234,Petrol,160,43.5,2.0
 CL Class,2015,17498,Manual,15557,Petrol,125,50.4,1.6
 C Class,2016,19498,Semi-Auto,22803,Diesel,30,61.4,2.1
 C Class,2018,23498,Semi-Auto,17093,Diesel,145,67.3,2.1
 E Class,2014,15998,Semi-Auto,43125,Diesel,200,45.6,3.0
 S Class,2016,28498,Semi-Auto,30135,Diesel,200,47.9,3.0
 CL Class,2015,16498,Manual,25920,Petrol,125,51.4,1.6
 GLC Class,2020,37998,Semi-Auto,5538,Diesel,150,40.9,2.0
 C Class,2014,16995,Automatic,37600,Diesel,30,64.2,2.1
 A Class,2016,27995,Automatic,13000,Petrol,200,40.9,2.0
 S Class,2015,29995,Automatic,17700,Diesel,200,48.7,3.0
 GLC Class,2017,26995,Semi-Auto,37950,Diesel,145,56.5,2.1
 C Class,2017,24995,Automatic,14000,Petrol,145,47.1,2.0
 GLE Class,2016,29995,Automatic,27700,Diesel,200,47.9,2.1
 A Class,2019,18995,Semi-Auto,21400,Petrol,145,53.3,1.3
 B Class,2015,11995,Semi-Auto,41500,Diesel,20,67.3,1.5
 G Class,2015,52995,Semi-Auto,34400,Diesel,570,25.2,3.0
 E Class,2017,23995,Semi-Auto,19300,Diesel,30,65.7,2.0
 E Class,2015,17698,Semi-Auto,27622,Diesel,145,54.3,3.0
 CLS Class,2014,15998,Semi-Auto,31815,Diesel,145,54.3,2.1
 E Class,2016,20298,Semi-Auto,25273,Diesel,145,54.3,3.0
 C Class,2014,12998,Semi-Auto,52712,Diesel,20,64.2,2.1
 A Class,2013,11998,Semi-Auto,54060,Diesel,30,64.2,2.1
 C Class,2017,17998,Semi-Auto,59858,Diesel,145,64.2,2.1
 GLA Class,2016,16998,Semi-Auto,50543,Diesel,125,56.5,2.1
 S Class,2019,48998,Semi-Auto,375,Diesel,145,52.3,3.0
 C Class,2019,28998,Manual,22,Petrol,145,48.7,1.6
 E Class,2019,46998,Semi-Auto,3325,Petrol,145,32.5,3.0
 A Class,2017,17498,Semi-Auto,16244,Diesel,145,74.3,1.5
 S Class,2016,26498,Semi-Auto,36121,Diesel,200,47.9,3.0
 B Class,2013,8998,Semi-Auto,46108,Diesel,30,64.2,1.8
 GLA Class,2016,19498,Semi-Auto,27846,Diesel,125,56.5,2.1
 E Class,2017,20498,Semi-Auto,20195,Diesel,20,72.4,2.0
 C Class,2018,22998,Semi-Auto,18739,Diesel,150,60.1,2.1
 C Class,2016,12998,Manual,53453,Diesel,20,70.6,2.1
 C Class,2016,22998,Semi-Auto,23090,Diesel,30,65.7,2.1
 S Class,2015,27998,Semi-Auto,14158,Diesel,200,47.9,3.0
 S Class,2015,26498,Semi-Auto,27343,Diesel,200,48.7,3.0
 V Class,2017,27998,Semi-Auto,58590,Diesel,235,44.8,2.2
 E Class,2019,36998,Semi-Auto,5211,Diesel,145,70.6,2.0
 GLC Class,2017,26998,Semi-Auto,9172,Diesel,145,56.5,2.1
 E Class,2015,19498,Semi-Auto,26999,Diesel,160,51.4,3.0
 C Class,2019,25498,Semi-Auto,8150,Diesel,145,60.1,1.6
 E Class,2019,28998,Semi-Auto,26100,Diesel,145,65.7,2.0
 C Class,2019,24998,Semi-Auto,9344,Diesel,145,55.4,2.0
 GLA Class,2020,27998,Semi-Auto,3930,Petrol,150,35.8,1.6
 GLC Class,2019,35998,Semi-Auto,7540,Diesel,145,40.9,2.0
 GLC Class,2019,32998,Semi-Auto,12831,Diesel,145,44.8,2.0
 GLE Class,2016,24998,Semi-Auto,42913,Diesel,200,47.9,2.1
 C Class,2017,21498,Semi-Auto,20981,Diesel,30,64.2,2.1
 E Class,2017,20998,Semi-Auto,22930,Diesel,145,72.4,2.0
 S Class,2016,25498,Semi-Auto,44072,Diesel,200,47.9,3.0
 B Class,2015,13498,Semi-Auto,20789,Diesel,20,67.3,1.5
 A Class,2016,16998,Semi-Auto,29160,Diesel,20,67.3,2.1
 SL CLASS,2019,32998,Semi-Auto,2403,Petrol,145,47.1,2.0
 B Class,2019,21498,Manual,4653,Petrol,145,45.6,1.3
 E Class,2014,13998,Semi-Auto,33404,Diesel,125,58.9,2.1
 C Class,2017,18998,Semi-Auto,23760,Diesel,30,64.2,2.1
 C Class,2016,17998,Manual,26100,Diesel,20,68.9,2.1
 C Class,2019,28498,Semi-Auto,4285,Diesel,145,61.4,2.0
 C Class,2016,18998,Semi-Auto,28388,Diesel,30,64.2,1.6
 A Class,2019,19498,Semi-Auto,14899,Diesel,145,68.9,1.5
 C Class,2017,20998,Semi-Auto,16902,Diesel,145,60.1,2.1
 B Class,2019,20998,Semi-Auto,10713,Petrol,145,45.6,1.3
 M Class,2015,21498,Semi-Auto,43339,Diesel,200,39.2,2.1
 E Class,2017,19998,Semi-Auto,46230,Diesel,145,67.3,2.0
 SL CLASS,2017,19498,Semi-Auto,29114,Diesel,30,70.6,2.1
 E Class,2016,20498,Semi-Auto,37915,Diesel,160,51.4,3.0
 SL CLASS,2017,22498,Semi-Auto,11534,Diesel,145,70.6,2.1
 SL CLASS,2017,20998,Semi-Auto,18739,Diesel,145,70.6,2.1
 E Class,2017,20998,Semi-Auto,27671,Diesel,145,72.4,2.0
 A Class,2015,18998,Semi-Auto,23247,Petrol,200,42.8,2.0
 C Class,2018,27498,Semi-Auto,9255,Diesel,145,57.7,2.0
 C Class,2016,16998,Semi-Auto,26973,Diesel,30,65.7,1.6
 E Class,2017,22998,Semi-Auto,16910,Diesel,145,65.7,2.0
 S Class,2015,24498,Semi-Auto,28191,Diesel,200,47.9,3.0
 C Class,2018,27498,Semi-Auto,12491,Diesel,145,65.7,2.1
 A Class,2015,16998,Semi-Auto,39587,Petrol,200,42.8,2.0
 GLA Class,2015,17998,Semi-Auto,42942,Petrol,200,42.8,2.0
 GLC Class,2016,23498,Semi-Auto,46259,Diesel,125,56.5,2.1
 A Class,2017,18298,Semi-Auto,7919,Diesel,145,68.9,2.1
 A Class,2019,22998,Semi-Auto,3770,Petrol,150,53.3,1.3
 C Class,2014,26998,Semi-Auto,24175,Petrol,570,23.5,6.2
 V Class,2018,19998,Manual,14941,Diesel,145,46.3,2.1
 V Class,2018,19498,Manual,21525,Diesel,145,46.3,2.1
 C Class,2014,15998,Semi-Auto,26216,Diesel,30,64.2,2.1
 C Class,2013,9298,Semi-Auto,80485,Diesel,145,54.3,2.1
 CL Class,2014,17298,Semi-Auto,33274,Diesel,30,62.8,2.1
 C Class,2018,20489,Semi-Auto,16900,Diesel,145,61.4,2.1
 M Class,2013,15990,Automatic,51800,Diesel,200,44.8,2.1
 A Class,2013,9995,Semi-Auto,47000,Diesel,20,68.9,1.8
 GL Class,2014,24498,Automatic,67833,Diesel,325,35.3,3.0
 V Class,2016,26490,Semi-Auto,32494,Diesel,200,45.6,2.2
 A Class,2018,22990,Semi-Auto,5491,Petrol,145,45.6,2.0
 A Class,2018,19995,Semi-Auto,2348,Petrol,145,53.3,1.3
 GLA Class,2017,17850,Manual,18692,Petrol,145,48.7,1.6
 A Class,2016,15000,Manual,30761,Diesel,30,62.8,2.1
 C Class,2017,13800,Manual,34015,Diesel,145,70.6,2.1
 V Class,2018,20498,Manual,22011,Diesel,145,46.3,2.1
 C Class,2014,15498,Semi-Auto,36243,Diesel,30,64.2,2.1
 A Class,2019,18995,Semi-Auto,3150,Diesel,145,65.7,1.5
 C Class,2017,20995,Semi-Auto,33000,Diesel,145,58.9,2.1
 C Class,2018,31995,Semi-Auto,11300,Petrol,150,36.2,3.0
 A Class,2017,16995,Semi-Auto,25800,Diesel,150,68.9,2.1
 CL Class,2015,17995,Automatic,41100,Diesel,20,67.3,2.1
 GLC Class,2016,28995,Semi-Auto,31600,Diesel,145,56.5,2.1
 V Class,2018,35995,Automatic,7000,Diesel,145,45.6,2.2
 C Class,2017,23995,Semi-Auto,32800,Diesel,30,65.7,2.1
 GLA Class,2015,16998,Semi-Auto,42129,Diesel,125,56.5,2.1
 GLC Class,2016,21998,Semi-Auto,49986,Diesel,125,56.5,2.1
 GLA Class,2017,30498,Semi-Auto,20085,Petrol,145,38.2,2.0
 C Class,2019,27698,Semi-Auto,14999,Diesel,145,55.4,2.0
 C Class,2016,27498,Semi-Auto,37941,Petrol,260,35.8,3.0
 C Class,2019,32498,Semi-Auto,11301,Diesel,145,61.4,2.0
 GLE Class,2019,54498,Semi-Auto,6279,Diesel,145,32.8,3.0
 GL Class,2016,34998,Semi-Auto,32726,Diesel,325,36.2,3.0
 GLC Class,2016,28998,Semi-Auto,16742,Diesel,145,56.5,2.1
 C Class,2019,24498,Semi-Auto,12629,Diesel,145,61.4,2.1
 SL CLASS,2017,20998,Semi-Auto,13526,Petrol,145,47.9,2.0
 E Class,2015,19698,Semi-Auto,23578,Diesel,150,54.3,3.0
 A Class,2018,23498,Semi-Auto,5189,Petrol,150,53.3,1.3
 A Class,2019,21498,Semi-Auto,6324,Diesel,145,65.7,1.5
 A Class,2019,21498,Semi-Auto,5685,Diesel,145,65.7,1.5
 SL CLASS,2019,64998,Semi-Auto,313,Petrol,145,31.4,4.7
 E Class,2015,19498,Semi-Auto,17167,Diesel,145,54.3,3.0
 C Class,2015,12298,Semi-Auto,68718,Petrol,125,53.3,2.0
 SL CLASS,2017,21998,Semi-Auto,4657,Diesel,145,70.6,2.1
 GLE Class,2016,24998,Semi-Auto,30121,Diesel,205,47.9,2.1
 GLC Class,2017,29998,Semi-Auto,23326,Diesel,150,56.5,2.1
 E Class,2016,15635,Semi-Auto,30132,Diesel,30,64.2,2.1
 C Class,2018,20685,Semi-Auto,21929,Diesel,145,64.2,2.1
 E Class,2017,19498,Semi-Auto,33037,Diesel,150,72.4,2.0
 GLS Class,2018,46998,Semi-Auto,9182,Diesel,145,37.2,3.0
 C Class,2016,20498,Semi-Auto,27968,Diesel,125,60.1,2.1
 GLE Class,2017,30298,Semi-Auto,14786,Diesel,200,47.9,2.1
 E Class,2015,20298,Semi-Auto,28056,Diesel,160,51.4,3.0
 GLC Class,2017,37998,Semi-Auto,20418,Petrol,145,34.0,3.0
 GLE Class,2017,28998,Semi-Auto,31322,Diesel,145,42.8,3.0
 C Class,2014,15298,Semi-Auto,41416,Diesel,30,64.2,2.1
 GLC Class,2016,22998,Semi-Auto,30162,Diesel,125,56.5,2.1
 GLC Class,2018,31998,Semi-Auto,11605,Diesel,145,56.5,2.1
 E Class,2019,36998,Semi-Auto,629,Petrol,145,32.9,2.0
 GLA Class,2016,15998,Semi-Auto,52029,Diesel,125,56.5,2.1
 GLA Class,2015,18498,Semi-Auto,22888,Diesel,125,55.4,2.1
 GLC Class,2016,24998,Semi-Auto,30639,Diesel,125,56.5,2.1
 GLC Class,2018,33998,Semi-Auto,7220,Diesel,145,56.5,2.1
 C Class,2019,33998,Semi-Auto,3814,Petrol,145,44.1,1.5
 C Class,2019,32998,Semi-Auto,17,Petrol,145,46.3,1.5
 CLS Class,2016,21998,Semi-Auto,29306,Diesel,160,51.4,3.0
 GLE Class,2016,28698,Semi-Auto,22707,Diesel,200,47.9,2.1
 C Class,2018,19998,Semi-Auto,15383,Petrol,145,46.3,1.5
 CLS Class,2019,44498,Semi-Auto,5428,Diesel,145,47.9,2.9
 C Class,2015,13998,Manual,24010,Diesel,20,72.4,1.6
 GLE Class,2017,30498,Semi-Auto,19605,Diesel,260,42.8,3.0
 C Class,2019,24498,Semi-Auto,15838,Diesel,145,61.4,2.0
 SL CLASS,2016,18498,Semi-Auto,33502,Diesel,30,70.6,2.1
 A Class,2018,18998,Semi-Auto,12386,Diesel,145,68.9,1.5
 C Class,2016,16498,Semi-Auto,37080,Diesel,20,64.2,2.1
 GLC Class,2016,23998,Semi-Auto,42809,Diesel,125,56.5,2.1
 CL Class,2015,19498,Semi-Auto,20820,Diesel,20,67.3,2.1
 C Class,2016,15498,Semi-Auto,73582,Diesel,30,61.4,2.1
 E Class,2017,19498,Semi-Auto,47007,Diesel,30,65.7,2.0
 CLS Class,2019,39998,Semi-Auto,926,Diesel,145,45.6,2.0
 E Class,2019,38998,Semi-Auto,378,Diesel,145,57.7,2.0
 SL CLASS,2019,32998,Semi-Auto,17,Petrol,145,47.1,2.0
 GLC Class,2019,34998,Semi-Auto,423,Diesel,145,56.5,2.1
 A Class,2019,20998,Semi-Auto,9651,Diesel,145,56.5,2.0
 S Class,2015,27498,Semi-Auto,35236,Diesel,200,47.9,3.0
 SL CLASS,2017,20298,Semi-Auto,20055,Diesel,30,70.6,2.1
 A Class,2018,21998,Semi-Auto,15450,Petrol,150,53.3,1.3
 A Class,2019,21998,Semi-Auto,19324,Petrol,150,53.3,1.3
 A Class,2016,21998,Semi-Auto,17171,Petrol,165,45.6,2.0
 E Class,2016,19498,Semi-Auto,33249,Diesel,145,54.3,3.0
 E Class,2016,18998,Semi-Auto,23951,Diesel,125,58.9,2.1
 E Class,2017,21998,Semi-Auto,16062,Diesel,145,52.3,3.0
 A Class,2017,15245,Manual,22969,Diesel,145,68.9,1.5
 C Class,2014,10995,Manual,98000,Diesel,20,68.9,2.1
 A Class,2013,9995,Manual,83000,Diesel,20,70.6,1.5
 E Class,2017,23995,Semi-Auto,16820,Diesel,145,51.4,3.0
 SL CLASS,2016,28650,Semi-Auto,9262,Petrol,260,36.7,3.0
 M Class,2015,21998,Semi-Auto,37963,Diesel,205,39.2,2.1
 C Class,2014,15698,Semi-Auto,39920,Diesel,30,64.2,2.1
 V Class,2018,20498,Manual,25254,Diesel,145,46.3,2.1
 E Class,2019,39998,Semi-Auto,2675,Hybrid,135,134.5,2.0
 GLA Class,2015,18498,Semi-Auto,18106,Diesel,125,56.6,2.1
 C Class,2016,18498,Semi-Auto,31891,Hybrid,0,134.5,2.0
 GLC Class,2015,24498,Semi-Auto,23487,Diesel,125,56.5,2.1
 V Class,2018,20498,Manual,20841,Diesel,145,46.3,2.1
 V Class,2018,20498,Manual,22033,Diesel,145,46.3,2.1
 C Class,2019,31998,Semi-Auto,2000,Petrol,145,42.2,2.0
 C Class,2019,29998,Semi-Auto,28000,Petrol,145,44.1,2.0
 C Class,2019,24998,Semi-Auto,22400,Petrol,145,44.1,1.5
 S Class,2015,26498,Semi-Auto,34434,Diesel,200,48.7,3.0
 C Class,2019,32998,Semi-Auto,2878,Petrol,145,42.2,2.0
 C Class,2019,32998,Semi-Auto,4500,Petrol,145,42.2,2.0
 C Class,2019,29998,Semi-Auto,836,Petrol,145,43.5,2.0
 GLE Class,2016,30998,Semi-Auto,14149,Diesel,235,42.8,3.0
 SL CLASS,2016,19998,Semi-Auto,27801,Petrol,145,47.9,2.0
 C Class,2017,23998,Semi-Auto,14462,Diesel,20,67.3,2.1
 E Class,2019,48998,Semi-Auto,2669,Diesel,145,47.1,3.0
 C Class,2019,32498,Semi-Auto,1887,Petrol,145,46.3,1.5
 E Class,2017,19998,Semi-Auto,52570,Diesel,30,65.7,2.0
 GLE Class,2016,27998,Semi-Auto,24732,Diesel,200,47.9,2.1
 SL CLASS,2016,18998,Semi-Auto,29302,Diesel,30,70.6,2.1
 GLE Class,2017,28498,Semi-Auto,30825,Diesel,145,47.9,2.1
 E Class,2015,17998,Semi-Auto,42577,Diesel,145,54.3,3.0
 E Class,2015,18498,Semi-Auto,40348,Diesel,145,54.3,3.0
 C Class,2014,15498,Semi-Auto,23772,Diesel,20,64.2,2.1
 C Class,2017,18998,Semi-Auto,28808,Diesel,145,61.4,2.1
 E Class,2016,19998,Semi-Auto,29511,Diesel,30,65.7,2.0
 GLA Class,2014,15698,Semi-Auto,43696,Diesel,145,55.4,2.1
 GLC Class,2016,25998,Semi-Auto,40220,Diesel,145,56.5,2.1
 A Class,2016,15200,Semi-Auto,39057,Diesel,20,74.3,1.5
 M Class,2013,15200,Semi-Auto,61363,Diesel,200,44.8,2.1
 A Class,2016,15200,Semi-Auto,23286,Diesel,20,68.9,2.1
 M Class,2014,15998,Semi-Auto,71657,Diesel,200,44.8,2.1
 C Class,2019,22498,Semi-Auto,10455,Petrol,145,46.3,1.5
 GLA Class,2016,17998,Semi-Auto,39017,Diesel,125,56.5,2.1
 CL Class,2013,11998,Manual,33562,Petrol,125,50.4,1.6
 A Class,2019,21498,Semi-Auto,4138,Diesel,145,65.7,1.5
 C Class,2016,19298,Semi-Auto,27644,Diesel,30,64.2,2.1
 GLE Class,2016,28998,Semi-Auto,34669,Diesel,200,47.9,2.1
 B Class,2017,12498,Manual,29559,Diesel,20,68.9,1.5
 V Class,2018,32998,Semi-Auto,18932,Diesel,145,45.6,2.2
 C Class,2018,29498,Semi-Auto,6265,Diesel,145,54.3,2.0
 C Class,2016,16998,Semi-Auto,21786,Diesel,20,65.7,2.1
 S Class,2015,28998,Semi-Auto,16382,Diesel,200,47.9,3.0
 E Class,2016,20298,Semi-Auto,23411,Diesel,160,52.3,3.0
 SLK,2013,10698,Semi-Auto,66282,Diesel,145,56.5,2.0
 S Class,2015,24998,Semi-Auto,29036,Diesel,160,50.4,3.0
 A Class,2016,15498,Semi-Auto,63454,Diesel,20,74.3,1.5
 GLE Class,2015,25498,Semi-Auto,29078,Diesel,200,47.9,2.1
 E Class,2016,18698,Semi-Auto,31131,Diesel,145,54.3,3.0
 V Class,2017,30998,Semi-Auto,32577,Diesel,145,45.6,2.2
 A Class,2016,12498,Manual,54544,Diesel,20,72.4,1.5
 S Class,2019,46998,Semi-Auto,1042,Diesel,145,52.3,3.0
 C Class,2019,33998,Semi-Auto,1558,Petrol,145,44.1,1.5
 C Class,2019,32998,Semi-Auto,2258,Petrol,145,46.3,1.5
 C Class,2019,30498,Semi-Auto,4977,Diesel,145,57.7,2.0
 CLS Class,2015,19298,Semi-Auto,35866,Diesel,160,49.6,3.0
 A Class,2018,17498,Semi-Auto,15316,Petrol,145,49.6,1.6
 GLA Class,2016,21498,Semi-Auto,21253,Petrol,200,43.5,2.0
 E Class,2016,19498,Semi-Auto,23791,Diesel,125,56.5,2.1
 C Class,2017,18998,Semi-Auto,26866,Diesel,30,64.2,2.1
 A Class,2017,18498,Semi-Auto,15478,Petrol,145,53.3,1.6
 E Class,2019,40998,Semi-Auto,1255,Diesel,145,49.6,2.0
 S Class,2019,49998,Semi-Auto,83,Diesel,145,52.3,3.0
 S Class,2016,31998,Semi-Auto,14633,Diesel,200,47.9,3.0
 A Class,2019,23498,Semi-Auto,5800,Diesel,150,65.7,1.5
 C Class,2017,18498,Semi-Auto,20618,Diesel,30,64.2,2.1
 S Class,2015,27998,Semi-Auto,17168,Diesel,200,48.7,3.0
 C Class,2019,24998,Semi-Auto,15536,Petrol,145,47.1,1.5
 C Class,2019,24998,Semi-Auto,16103,Petrol,145,47.1,1.5
 C Class,2019,21998,Semi-Auto,14576,Petrol,145,46.3,1.5
 C Class,2018,29498,Semi-Auto,6198,Diesel,145,54.3,2.0
 E Class,2019,24498,Semi-Auto,15316,Diesel,145,72.4,2.0
 S Class,2015,28498,Semi-Auto,15293,Diesel,200,48.7,3.0
 E Class,2016,20998,Semi-Auto,16843,Diesel,145,54.3,3.0
 E Class,2016,19998,Semi-Auto,18718,Diesel,145,54.3,3.0
 E Class,2016,20298,Semi-Auto,26707,Diesel,145,54.3,3.0
 E Class,2016,19498,Semi-Auto,36107,Diesel,160,51.4,3.0
 C Class,2016,19498,Semi-Auto,24756,Diesel,30,64.2,2.1
 E Class,2017,20998,Semi-Auto,29816,Diesel,145,61.4,2.0
 E Class,2016,21498,Semi-Auto,29833,Diesel,160,51.4,3.0
 E Class,2016,19698,Semi-Auto,42334,Diesel,30,65.7,2.0
 GL Class,2015,31998,Semi-Auto,36281,Diesel,330,36.2,3.0
 E Class,2015,19498,Semi-Auto,22877,Diesel,150,54.3,3.0
 GLE Class,2016,30998,Semi-Auto,19574,Diesel,240,42.8,3.0
 CL Class,2014,15998,Semi-Auto,42514,Diesel,30,62.8,2.1
 C Class,2016,17998,Semi-Auto,36587,Hybrid,0,134.5,2.0
 SLK,2015,14298,Semi-Auto,21624,Diesel,145,56.5,2.0
 A Class,2017,15498,Manual,47412,Diesel,20,68.9,1.5
 GLC Class,2016,21500,Semi-Auto,23349,Diesel,125,56.5,2.1
 C Class,2016,14698,Manual,19864,Diesel,20,70.6,2.1
 C Class,2016,13998,Manual,22117,Petrol,125,53.3,2.0
 C Class,2015,14698,Semi-Auto,43331,Diesel,20,64.2,2.1
 A Class,2019,18498,Manual,2810,Petrol,145,28.5,1.3
 B Class,2014,9998,Manual,24510,Diesel,30,61.4,1.5
 GLE Class,2017,34998,Semi-Auto,16647,Diesel,205,47.9,2.1
 C Class,2014,10498,Semi-Auto,51929,Diesel,145,53.3,2.1
 A Class,2016,14998,Manual,24569,Diesel,20,68.9,1.5
 GLA Class,2014,14998,Semi-Auto,64001,Diesel,145,55.4,2.1
 A Class,2018,19998,Semi-Auto,6340,Petrol,145,53.3,1.3
 C Class,2016,19698,Automatic,25107,Hybrid,0,134.5,2.0
 A Class,2018,17498,Semi-Auto,15597,Diesel,145,68.9,2.1
 C Class,2017,22498,Semi-Auto,20491,Hybrid,135,74.3,2.1
 C Class,2015,11998,Manual,52792,Diesel,20,72.4,1.6
 GLC Class,2018,32498,Semi-Auto,12517,Diesel,145,45.6,3.0
 C Class,2016,16298,Semi-Auto,29201,Diesel,30,64.2,1.6
 A Class,2013,11998,Manual,13680,Petrol,125,51.4,1.6
 GLC Class,2016,20998,Semi-Auto,37045,Diesel,125,56.5,2.1
 E Class,2018,21498,Semi-Auto,25454,Diesel,150,72.4,2.0
 GLC Class,2017,25498,Semi-Auto,17967,Diesel,150,56.5,2.1
 CL Class,2014,16995,Semi-Auto,37208,Diesel,30,62.8,2.1
 GLE Class,2017,28500,Semi-Auto,28297,Diesel,200,47.9,2.1
 A Class,2016,13900,Manual,16349,Diesel,20,72.4,1.5
 CL Class,2015,18498,Semi-Auto,18982,Diesel,20,67.3,2.1
 GLE Class,2017,31498,Semi-Auto,9949,Diesel,205,47.9,2.1
 C Class,2016,15698,Automatic,42062,Petrol,125,50.4,2.0
 C Class,2015,16998,Semi-Auto,43883,Diesel,125,60.1,2.1
 GLA Class,2015,17498,Semi-Auto,30154,Diesel,125,55.4,2.1
 C Class,2017,20998,Semi-Auto,42036,Diesel,20,67.3,2.1
 C Class,2016,20998,Semi-Auto,23429,Hybrid,0,122.8,2.0
 C Class,2017,16498,Automatic,20764,Diesel,150,58.9,2.1
 B Class,2017,15998,Semi-Auto,21306,Diesel,145,68.9,2.1
 C Class,2013,11998,Semi-Auto,31706,Diesel,145,53.3,2.1
 E Class,2018,32498,Semi-Auto,9252,Petrol,145,33.6,3.0
 CL Class,2017,19295,Automatic,39643,Diesel,20,67.3,2.1
 E Class,2017,21950,Automatic,26355,Diesel,145,65.7,2.0
 C Class,2019,24495,Semi-Auto,10000,Diesel,145,61.4,2.0
 GLC Class,2016,24995,Automatic,40343,Diesel,125,56.5,2.1
 C Class,2016,18990,Semi-Auto,26413,Diesel,20,64.2,2.1
 GLC Class,2018,27590,Semi-Auto,16776,Diesel,145,56.5,2.1
 E Class,2013,9495,Semi-Auto,82312,Diesel,145,55.4,2.1
 GLA Class,2017,22750,Semi-Auto,9000,Diesel,145,56.5,2.1
 GLA Class,2016,21595,Semi-Auto,21512,Petrol,200,43.5,2.0
 C Class,2015,12495,Semi-Auto,50374,Diesel,20,65.7,2.1
 V Class,2018,20498,Manual,23694,Diesel,145,46.3,2.1
 V Class,2018,19498,Manual,24164,Diesel,145,46.3,2.1
 C Class,2015,17498,Semi-Auto,42471,Hybrid,0,76.4,2.1
 C Class,2016,16198,Manual,41974,Diesel,20,68.9,2.1
 V Class,2018,20498,Manual,23128,Diesel,145,46.3,2.1
 S Class,2016,30498,Semi-Auto,17624,Diesel,200,47.9,3.0
 C Class,2017,17998,Semi-Auto,16291,Petrol,145,50.4,2.0
 V Class,2018,19998,Manual,27222,Diesel,145,46.3,2.1
 V Class,2016,17998,Manual,21981,Diesel,200,46.3,2.1
 V Class,2018,20498,Manual,20138,Diesel,145,46.3,2.1
 B Class,2017,13498,Manual,35881,Diesel,20,68.9,1.5
 GLE Class,2017,29998,Semi-Auto,15626,Diesel,265,42.8,3.0
 GLC Class,2017,20998,Semi-Auto,40949,Diesel,125,56.5,2.1
 E Class,2017,21498,Semi-Auto,31750,Diesel,145,61.4,2.0
 GLA Class,2015,17498,Semi-Auto,25909,Diesel,125,56.5,2.1
 A Class,2014,10498,Manual,63177,Diesel,30,64.2,2.1
 GLA Class,2014,20498,Semi-Auto,45231,Petrol,235,37.7,2.0
 C Class,2016,16998,Semi-Auto,43014,Diesel,30,64.2,2.1
 E Class,2017,19698,Semi-Auto,25152,Diesel,145,72.4,2.0
 C Class,2017,25798,Semi-Auto,9676,Diesel,145,65.7,2.1
 C Class,2018,20498,Semi-Auto,7894,Diesel,145,60.1,2.1
 C Class,2015,13498,Manual,38438,Diesel,20,70.6,2.1
 E Class,2015,17998,Semi-Auto,34464,Diesel,145,53.3,3.0
 GLA Class,2016,18998,Semi-Auto,19696,Diesel,125,56.5,2.1
 B Class,2019,21998,Semi-Auto,7214,Diesel,145,55.4,2.0
 CLS Class,2019,40998,Semi-Auto,4001,Diesel,145,47.9,2.9
 CLS Class,2015,19698,Semi-Auto,44143,Diesel,160,51.4,3.0
 C Class,2019,23498,Semi-Auto,19204,Diesel,150,61.4,2.0
 GLE Class,2017,26998,Semi-Auto,47120,Diesel,200,47.9,2.1
 GLC Class,2016,20998,Semi-Auto,36240,Diesel,125,56.5,2.1
 C Class,2016,14498,Manual,21945,Petrol,125,53.3,2.0
 E Class,2017,20998,Semi-Auto,21929,Diesel,30,65.7,2.0
 V Class,2018,19998,Manual,27222,Diesel,145,46.3,2.1
 V Class,2016,17998,Manual,21981,Diesel,200,46.3,2.1
 A Class,2014,13998,Semi-Auto,29670,Diesel,20,68.9,2.1
 C Class,2019,29498,Semi-Auto,2195,Diesel,145,61.4,2.0
 GLC Class,2016,21998,Semi-Auto,27894,Diesel,125,56.5,2.1
 A Class,2019,21998,Semi-Auto,11578,Petrol,150,53.3,1.3
 GLE Class,2017,28998,Semi-Auto,18855,Diesel,200,47.9,2.1
 C Class,2015,12495,Automatic,55000,Diesel,30,64.2,2.1
 E Class,2017,19498,Semi-Auto,54028,Diesel,150,65.7,2.0
 GLE Class,2017,31298,Semi-Auto,12122,Diesel,145,47.9,2.1
 CLS Class,2016,22998,Semi-Auto,25536,Diesel,160,51.4,3.0
 A Class,2017,16798,Manual,24388,Diesel,20,68.9,1.5
 A Class,2017,15498,Manual,35295,Diesel,20,68.9,1.5
 CL Class,2015,15998,Manual,29901,Petrol,125,50.4,1.6
 A Class,2014,10998,Semi-Auto,58500,Diesel,30,65.7,1.8
 V Class,2018,19998,Manual,26973,Diesel,145,46.3,2.1
 A Class,2013,15498,Semi-Auto,27415,Petrol,160,44.1,2.0
 C Class,2016,16998,Semi-Auto,38830,Diesel,20,64.2,2.1
 C Class,2015,16798,Semi-Auto,32409,Diesel,30,64.2,2.1
 A Class,2015,11498,Manual,32648,Diesel,0,74.3,1.5
 CL Class,2013,11460,Manual,64000,Petrol,125,50.4,1.6
 C Class,2016,13991,Semi-Auto,49494,Diesel,30,64.2,2.1
 GLA Class,2018,20810,Automatic,18462,Petrol,145,42.8,2.0
 GLA Class,2016,16130,Semi-Auto,36152,Diesel,125,56.5,2.1
 A Class,2015,12380,Manual,34119,Diesel,20,70.6,1.5
 V Class,2018,20998,Manual,22740,Diesel,145,46.3,2.1
 A Class,2013,13998,Semi-Auto,29698,Diesel,30,64.2,2.1
 CLS Class,2015,16498,Semi-Auto,39858,Diesel,125,56.5,2.1
 GLA Class,2015,17998,Semi-Auto,25585,Diesel,125,56.5,2.1
 GLC Class,2016,24498,Semi-Auto,16840,Diesel,125,56.5,2.1
 B Class,2013,9998,Semi-Auto,34837,Diesel,30,64.2,1.8
 GLC Class,2017,23498,Semi-Auto,32902,Diesel,125,56.5,2.1
 C Class,2017,18498,Semi-Auto,26179,Diesel,145,60.1,2.1
 A Class,2018,17498,Manual,8601,Petrol,145,51.4,1.6
 B Class,2016,13498,Manual,25726,Diesel,20,68.9,1.5
 GLA Class,2017,16498,Manual,32917,Diesel,30,64.2,2.1
 S Class,2019,60998,Semi-Auto,100,Petrol,145,40.9,3.0
 GLC Class,2017,24998,Semi-Auto,44847,Diesel,125,56.5,2.1
 E Class,2014,9500,Semi-Auto,80084,Diesel,30,58.9,2.1
 E Class,2016,21498,Semi-Auto,17078,Diesel,165,50.4,3.0
 C Class,2019,23998,Semi-Auto,10357,Diesel,145,61.4,2.0
 E Class,2015,19700,Semi-Auto,33659,Petrol,240,39.2,3.5
 E Class,2016,17000,Semi-Auto,27361,Diesel,125,56.5,2.1
 M Class,2014,18500,Semi-Auto,48928,Diesel,200,46.3,2.1
 M Class,2013,16300,Semi-Auto,57367,Diesel,200,44.8,2.1
 GLA Class,2018,23000,Semi-Auto,10808,Diesel,145,56.5,2.1
 B Class,2013,8200,Manual,54257,Diesel,30,61.4,1.5
 A Class,2019,23000,Semi-Auto,7864,Petrol,145,53.3,1.3
 GLC Class,2017,25800,Semi-Auto,15334,Diesel,145,56.5,2.1
 V Class,2018,20998,Manual,11323,Diesel,145,46.3,2.1
 A Class,2019,20998,Semi-Auto,18881,Diesel,145,67.3,1.5
 E Class,2015,21298,Semi-Auto,15048,Diesel,160,51.4,3.0
 CL Class,2019,25498,Semi-Auto,13953,Diesel,145,51.4,2.2
 C Class,2019,28998,Semi-Auto,5116,Diesel,145,61.4,2.0
 GLA Class,2017,17998,Semi-Auto,47465,Diesel,145,64.2,2.1
 C Class,2019,24998,Semi-Auto,15009,Petrol,145,47.1,1.5
 C Class,2018,27998,Semi-Auto,6787,Diesel,145,57.7,2.0
 SL CLASS,2016,20498,Semi-Auto,10643,Diesel,30,70.6,2.1
 E Class,2018,47998,Semi-Auto,9783,Petrol,145,31.7,3.0
 E Class,2018,22998,Semi-Auto,16089,Diesel,145,65.7,2.0
 CLS Class,2017,23998,Semi-Auto,27354,Diesel,160,49.6,3.0
 E Class,2016,20698,Semi-Auto,22284,Diesel,145,54.3,3.0
 GLS Class,2017,43498,Semi-Auto,7517,Diesel,145,37.2,3.0
 CLS Class,2016,23998,Semi-Auto,7675,Diesel,160,49.6,3.0
 E Class,2016,18998,Semi-Auto,32107,Diesel,160,52.3,3.0
 E Class,2016,19298,Semi-Auto,26780,Diesel,160,52.3,3.0
 GLE Class,2017,29698,Semi-Auto,22052,Diesel,200,47.9,2.1
 E Class,2017,21998,Semi-Auto,20239,Diesel,160,52.3,3.0
 C Class,2017,18998,Semi-Auto,27493,Hybrid,0,78.5,2.1
 C Class,2018,18998,Semi-Auto,15075,Petrol,145,50.4,2.0
 E Class,2017,20498,Semi-Auto,35494,Diesel,145,61.4,2.0
 CLS Class,2017,22698,Semi-Auto,36402,Diesel,160,51.4,3.0
 C Class,2016,13690,Manual,49761,Diesel,20,68.9,2.1
 A Class,2017,14490,Manual,14122,Petrol,150,51.4,1.6
 E Class,2014,13490,Semi-Auto,23226,Diesel,30,58.9,2.1
 C Class,2014,14490,Semi-Auto,31801,Diesel,20,64.2,2.1
 A Class,2018,29990,Semi-Auto,22923,Petrol,150,40.9,2.0
 GLC Class,2019,33990,Semi-Auto,5830,Diesel,150,40.9,2.0
 C Class,2014,14780,Semi-Auto,59884,Diesel,30,64.2,2.1
 C Class,2017,16922,Semi-Auto,52519,Diesel,30,64.2,1.6
 C Class,2017,18350,Semi-Auto,42000,Diesel,30,64.2,2.1
 C Class,2016,17595,Automatic,28192,Diesel,30,64.2,2.1
 E Class,2016,20998,Semi-Auto,37181,Diesel,160,51.4,3.0
 SL CLASS,2016,18698,Semi-Auto,35595,Diesel,30,70.6,2.1
 E Class,2017,20998,Semi-Auto,16016,Diesel,145,72.4,2.0
 SL CLASS,2016,20298,Semi-Auto,14035,Diesel,30,70.6,2.1
 E Class,2015,20498,Semi-Auto,27688,Diesel,160,51.4,3.0
 GLE Class,2016,25998,Semi-Auto,27307,Diesel,200,47.9,2.1
 CLS Class,2014,19998,Semi-Auto,25696,Diesel,165,52.3,3.0
 C Class,2015,16315,Semi-Auto,46155,Diesel,30,64.2,2.1
 B Class,2019,19998,Semi-Auto,13744,Petrol,145,45.6,1.3
 V Class,2018,19990,Manual,23415,Diesel,145,46.3,2.1
 E Class,2017,18990,Semi-Auto,43500,Diesel,145,61.4,2.0
 A Class,2014,12990,Semi-Auto,41362,Petrol,145,49.6,1.6
 GLA Class,2018,19990,Semi-Auto,24508,Petrol,145,48.7,1.6
 GLE Class,2016,31390,Semi-Auto,30772,Diesel,300,39.2,3.0
 C Class,2017,24990,Automatic,6668,Diesel,145,58.9,2.1
 V Class,2017,29998,Semi-Auto,41298,Diesel,205,45.6,2.2
 S Class,2015,28998,Semi-Auto,10284,Diesel,205,47.9,3.0
 C Class,2019,29998,Semi-Auto,8520,Diesel,145,61.4,2.0
 CLS Class,2016,21398,Semi-Auto,34056,Diesel,160,51.4,3.0
 CLS Class,2016,22498,Semi-Auto,14466,Diesel,160,51.4,3.0
 A Class,2019,20998,Semi-Auto,6354,Diesel,145,65.7,1.5
 S Class,2019,59998,Semi-Auto,10500,Petrol,145,34.5,3.0
 CLS Class,2016,21998,Semi-Auto,30496,Diesel,160,51.4,3.0
 CLS Class,2016,22498,Semi-Auto,23636,Diesel,160,51.4,3.0
 C Class,2015,17636,Semi-Auto,24923,Diesel,30,64.2,2.1
 E Class,2017,18990,Semi-Auto,25326,Diesel,145,72.4,2.0
 A Class,2019,21290,Automatic,12046,Diesel,145,67.3,1.5
 A Class,2017,13990,Semi-Auto,17603,Petrol,125,53.3,1.6
 C Class,2019,21980,Automatic,7716,Petrol,145,45.6,1.5
 C Class,2019,23990,Automatic,1647,Petrol,145,45.6,1.5
 C Class,2019,21980,Semi-Auto,5572,Petrol,145,45.6,1.5
 GLE Class,2019,44990,Automatic,8351,Diesel,145,32.8,3.0
 S Class,2015,27998,Semi-Auto,30554,Diesel,200,48.7,3.0
 GLE Class,2015,34998,Semi-Auto,22651,Diesel,300,39.2,3.0
 E Class,2017,21998,Semi-Auto,20044,Diesel,145,61.4,2.0
 M Class,2015,22498,Semi-Auto,37484,Diesel,300,39.2,3.0
 B Class,2014,9998,Semi-Auto,16378,Diesel,20,68.9,1.5
 GLS Class,2019,54990,Semi-Auto,18717,Diesel,145,34.0,3.0
 E Class,2018,24490,Semi-Auto,11052,Diesel,145,65.7,2.0
 C Class,2014,28990,Semi-Auto,19562,Petrol,570,23.5,6.2
 A Class,2016,15990,Manual,19715,Diesel,30,62.8,2.1
 A Class,2018,17490,Manual,15049,Diesel,145,62.8,2.1
 E Class,2014,13990,Semi-Auto,49491,Diesel,125,57.7,2.1
 GLE Class,2019,43990,Automatic,10974,Diesel,145,36.7,3.0
 GLE Class,2019,43490,Semi-Auto,14026,Diesel,145,36.7,3.0
 GLE Class,2017,30498,Semi-Auto,22539,Diesel,145,47.9,2.1
 C Class,2019,27990,Automatic,101,Diesel,145,61.4,2.0
 A Class,2020,22490,Automatic,3521,Diesel,145,56.5,2.0
 CL Class,2020,27480,Semi-Auto,2459,Petrol,145,44.1,1.3
 C Class,2020,29950,Semi-Auto,101,Diesel,145,64.2,2.0
 C Class,2017,14990,Semi-Auto,27424,Diesel,145,65.7,2.1
 GLE Class,2017,31990,Semi-Auto,8581,Diesel,145,42.8,3.0
 C Class,2020,31950,Automatic,2985,Diesel,145,51.4,2.0
 C Class,2016,20990,Semi-Auto,36051,Diesel,30,65.7,2.1
 GLE Class,2017,34950,Semi-Auto,22067,Hybrid,135,76.4,3.0
 GLA Class,2015,15390,Semi-Auto,60216,Diesel,125,55.4,2.1
 E Class,2017,17990,Semi-Auto,40789,Diesel,145,72.4,2.0
 V Class,2020,43950,Semi-Auto,2859,Diesel,145,36.2,2.0
 C Class,2020,29950,Semi-Auto,101,Diesel,145,48.7,2.0
 E Class,2020,33950,Automatic,2568,Diesel,145,42.8,2.0
 B Class,2019,24950,Automatic,1440,Diesel,145,55.4,2.0
 C Class,2018,25990,Semi-Auto,9699,Petrol,145,44.1,2.0
 A Class,2020,21750,Manual,4001,Petrol,145,47.1,1.3
 A Class,2020,21750,Manual,2896,Petrol,145,47.1,1.3
 CL Class,2017,16490,Manual,32282,Petrol,145,51.4,1.6
 C Class,2015,36990,Automatic,12659,Petrol,300,34.5,4.0
 S Class,2017,40990,Semi-Auto,6200,Diesel,150,52.3,3.0
 E Class,2015,18998,Semi-Auto,39530,Diesel,145,54.3,3.0
 S Class,2016,30998,Semi-Auto,23743,Diesel,200,47.9,3.0
 C Class,2017,19998,Semi-Auto,23690,Diesel,125,58.9,2.1
 E Class,2017,21998,Semi-Auto,19249,Diesel,145,65.7,2.0
 SL CLASS,2016,18698,Semi-Auto,30269,Diesel,30,70.6,2.1
 E Class,2016,19998,Semi-Auto,35665,Diesel,145,54.3,3.0
 C Class,2013,11998,Semi-Auto,30035,Petrol,160,44.8,1.6
 C Class,2017,17998,Semi-Auto,22349,Petrol,145,50.4,2.0
 CLS Class,2016,22998,Semi-Auto,13720,Diesel,165,51.4,3.0
 C Class,2013,9490,Semi-Auto,41921,Petrol,145,47.9,1.6
 C Class,2017,15690,Semi-Auto,35488,Diesel,20,65.7,2.1
 A Class,2017,13790,Manual,18332,Petrol,125,51.4,1.6
 C Class,2017,14990,Manual,41647,Diesel,20,65.7,2.1
 E Class,2016,19990,Semi-Auto,23543,Diesel,160,51.4,3.0
 C Class,2018,19490,Semi-Auto,11810,Diesel,145,61.4,2.1
 C Class,2019,28990,Semi-Auto,2000,Diesel,145,57.7,2.0
 A Class,2019,20950,Semi-Auto,4692,Diesel,145,65.7,1.3
 C Class,2017,19250,Semi-Auto,23523,Diesel,125,60.1,2.1
 E Class,2016,22990,Automatic,49521,Diesel,160,51.4,3.0
 A Class,2016,16450,Manual,25623,Petrol,200,41.5,2.0
 A Class,2019,21990,Automatic,6954,Diesel,145,67.3,1.5
 GLC Class,2018,26480,Semi-Auto,10833,Diesel,145,56.5,2.1
 C Class,2017,20790,Semi-Auto,22485,Hybrid,0,74.3,2.1
 GLE Class,2019,53990,Automatic,5214,Diesel,145,32.5,3.0
 GLC Class,2016,19490,Semi-Auto,59442,Diesel,125,56.5,2.1
 GLC Class,2018,27990,Semi-Auto,21734,Diesel,150,56.5,2.1
 GLA Class,2017,18998,Semi-Auto,18847,Petrol,150,50.4,1.6
 CLS Class,2016,20498,Semi-Auto,33026,Diesel,165,51.4,3.0
 CLS Class,2015,20498,Semi-Auto,41955,Diesel,165,51.4,3.0
 CLS Class,2016,21498,Semi-Auto,35474,Diesel,165,51.4,3.0
 GLA Class,2017,18698,Semi-Auto,20954,Diesel,150,67.3,2.1
 CLS Class,2016,22998,Semi-Auto,34544,Diesel,165,49.6,3.0
 GLS Class,2020,66990,Semi-Auto,2596,Diesel,145,30.4,3.0
 C Class,2020,28990,Automatic,3458,Petrol,145,46.3,1.5
 GLC Class,2019,31990,Automatic,7977,Diesel,145,56.5,2.1
 C Class,2016,14450,Semi-Auto,19598,Petrol,125,53.3,2.0
 GLC Class,2017,27990,Semi-Auto,25782,Diesel,145,56.5,2.1
 C Class,2016,19690,Semi-Auto,38087,Diesel,20,67.3,2.1
 GLC Class,2018,38990,Semi-Auto,10638,Petrol,145,34.0,3.0
 A Class,2017,15590,Semi-Auto,34553,Diesel,145,68.9,2.1
 S Class,2019,45990,Semi-Auto,14259,Diesel,145,52.3,3.0
 GLE Class,2017,37950,Semi-Auto,20925,Diesel,145,39.2,3.0
 GLC Class,2018,36850,Automatic,4841,Petrol,145,34.0,3.0
 C Class,2019,30950,Automatic,101,Diesel,145,55.4,2.0
 A Class,2019,99950,Automatic,2013,Petrol,145,22.6,4.0
 S Class,2019,54990,Automatic,1501,Diesel,145,41.5,3.0
 C Class,2019,24950,Automatic,7006,Petrol,145,47.1,1.5
 C Class,2019,25950,Automatic,10485,Petrol,145,47.1,1.5
 GLC Class,2019,34950,Automatic,3100,Diesel,145,43.5,2.0
 GLC Class,2020,32950,Automatic,3528,Diesel,145,44.8,2.0
 GLC Class,2019,35490,Automatic,2644,Diesel,145,40.9,2.0
 B Class,2020,23690,Automatic,3012,Diesel,145,55.4,2.0
 GLE Class,2017,27990,Automatic,17400,Diesel,145,42.8,3.0
 A Class,2019,20990,Semi-Auto,15059,Diesel,145,67.3,1.5
 CL Class,2019,24990,Semi-Auto,13501,Diesel,145,51.4,2.2
 C Class,2018,21990,Semi-Auto,1871,Petrol,145,44.1,1.5
 C Class,2015,14750,Semi-Auto,32594,Diesel,20,64.2,2.1
 GLE Class,2017,27950,Automatic,23825,Diesel,145,42.8,3.0
 GLE Class,2017,27790,Automatic,25906,Diesel,145,42.8,3.0
 A Class,2019,21450,Semi-Auto,11712,Diesel,145,67.3,1.5
 A Class,2018,20295,Semi-Auto,9748,Petrol,145,53.3,1.3
 A Class,2018,18990,Semi-Auto,12449,Petrol,145,53.3,1.3
 A Class,2019,19990,Semi-Auto,9191,Petrol,145,53.3,1.3
 CLS Class,2019,36490,Semi-Auto,7036,Diesel,145,48.7,2.9
 CLS Class,2018,33990,Semi-Auto,8123,Diesel,145,48.7,2.9
 A Class,2019,18490,Semi-Auto,6725,Diesel,145,68.9,1.5
 A Class,2019,21450,Semi-Auto,11597,Diesel,145,67.3,1.5
 A Class,2018,17990,Semi-Auto,15907,Diesel,145,65.7,1.5
 A Class,2018,17990,Semi-Auto,16196,Diesel,145,65.7,1.5
 A Class,2018,19498,Semi-Auto,12353,Petrol,145,53.3,1.3
 GLC Class,2017,25498,Semi-Auto,9444,Diesel,145,56.5,2.1
 A Class,2015,13109,Semi-Auto,24091,Diesel,20,68.9,2.1
 E Class,2019,27990,Semi-Auto,4158,Petrol,145,39.8,2.0
 GLC Class,2019,29490,Semi-Auto,8115,Diesel,145,56.5,2.1
 A Class,2019,19990,Semi-Auto,12456,Petrol,145,53.3,1.3
 GLE Class,2015,21967,Semi-Auto,47430,Diesel,200,47.9,2.1
 C Class,2013,9798,Semi-Auto,60948,Diesel,150,54.3,2.1
 GLC Class,2016,21998,Automatic,29884,Diesel,125,56.5,2.1
 E Class,2018,26998,Automatic,6286,Petrol,145,39.8,2.0
 C Class,2016,17998,Automatic,32769,Diesel,30,64.2,2.1
 C Class,2017,18998,Automatic,20949,Diesel,145,61.4,2.1
 GLA Class,2014,15498,Semi-Auto,53000,Diesel,145,55.4,2.1
 E Class,2015,12691,Semi-Auto,78000,Diesel,125,61.4,2.1
 M Class,2014,16087,Automatic,70308,Diesel,200,44.8,2.1
 CLS Class,2013,11991,Semi-Auto,85967,Diesel,200,46.3,3.0
 SLK,2013,9600,Automatic,51458,Diesel,145,56.5,2.0
 C Class,2014,11791,Semi-Auto,42879,Diesel,145,53.3,2.1
 A Class,2015,10991,Semi-Auto,67865,Diesel,20,68.9,2.1
 A Class,2014,13251,Semi-Auto,41700,Diesel,20,64.2,2.1
 C Class,2016,13691,Semi-Auto,36538,Diesel,30,65.7,1.6
 B Class,2015,10991,Semi-Auto,50501,Diesel,20,68.9,2.1
 A Class,2016,15291,Semi-Auto,10730,Diesel,20,70.6,2.1
 B Class,2015,11991,Semi-Auto,59492,Diesel,20,67.3,2.1
 C Class,2018,19991,Semi-Auto,20027,Diesel,150,60.1,2.1
 B Class,2017,13291,Semi-Auto,21742,Diesel,20,70.6,2.1
 A Class,2016,14521,Manual,35005,Diesel,30,62.8,2.1
 A Class,2018,20991,Semi-Auto,19561,Petrol,150,45.6,2.0
 C Class,2017,23791,Semi-Auto,17263,Diesel,30,65.7,2.1
 C Class,2018,23498,Semi-Auto,5659,Petrol,145,40.4,2.0
 GL Class,2015,32998,Semi-Auto,22548,Diesel,330,36.2,3.0
 E Class,2017,20998,Semi-Auto,17890,Diesel,160,52.3,3.0
 C Class,2014,13491,Manual,56000,Diesel,20,68.9,2.1
 A Class,2016,15378,Manual,21256,Diesel,30,62.8,2.1
 GLA Class,2015,15990,Semi-Auto,49626,Diesel,125,55.4,2.1
 E Class,2017,26027,Semi-Auto,20575,Petrol,145,40.4,2.0
 GLS Class,2019,44990,Automatic,11607,Diesel,145,37.2,3.0
 GLA Class,2016,17991,Semi-Auto,26193,Diesel,125,56.6,2.1
 GLC Class,2019,47484,Automatic,3439,Petrol,145,27.4,4.0
 C Class,2017,13587,Semi-Auto,61305,Diesel,150,65.7,1.6
 A Class,2016,15597,Semi-Auto,20866,Diesel,20,70.6,2.1
 C Class,2015,16310,Semi-Auto,55226,Diesel,30,64.2,2.1
 E Class,2019,49500,Automatic,4250,Petrol,145,31.7,3.0
 C Class,2019,44990,Automatic,1474,Petrol,145,29.1,3.0
 E Class,2019,25490,Automatic,7512,Diesel,145,72.4,2.0
 B Class,2020,21990,Automatic,4239,Diesel,145,55.4,2.0
 A Class,2018,20991,Semi-Auto,5322,Petrol,145,53.3,1.3
 A Class,2019,19511,Semi-Auto,10543,Diesel,145,68.9,1.5
 C Class,2017,18200,Semi-Auto,25296,Diesel,30,61.4,2.1
 GLC Class,2017,27520,Semi-Auto,33590,Diesel,145,56.5,2.1
 E Class,2020,45990,Semi-Auto,159,Diesel,145,45.6,3.0
 C Class,2015,13621,Semi-Auto,57066,Diesel,30,65.7,1.6
 GLA Class,2016,17991,Semi-Auto,20233,Diesel,125,56.6,2.1
 A Class,2017,17047,Semi-Auto,14951,Diesel,145,68.9,2.1
 A Class,2017,27990,Semi-Auto,17299,Petrol,200,40.9,2.0
 CL Class,2015,14550,Semi-Auto,30369,Diesel,20,62.8,2.1
 A Class,2016,16411,Semi-Auto,18914,Diesel,20,68.9,2.1
 C Class,2017,16991,Semi-Auto,29907,Diesel,145,64.2,2.1
 GLC Class,2016,26320,Semi-Auto,26065,Diesel,145,56.5,2.1
 GLA Class,2018,20990,Semi-Auto,18166,Diesel,145,56.5,2.1
 A Class,2017,27490,Semi-Auto,31775,Petrol,145,40.9,2.0
 E Class,2016,18300,Automatic,36188,Diesel,30,65.7,2.0
 GLA Class,2018,18950,Semi-Auto,11577,Diesel,145,67.3,2.1
 GLC Class,2017,22750,Semi-Auto,29929,Diesel,145,56.5,2.1
 A Class,2019,21250,Semi-Auto,4878,Petrol,145,53.3,1.3
 GLE Class,2017,27950,Semi-Auto,14156,Diesel,145,47.9,2.1
 GLE Class,2016,29990,Semi-Auto,63250,Diesel,145,32.5,3.0
 E Class,2016,21990,Automatic,32266,Diesel,160,51.4,3.0
 C Class,2016,20490,Semi-Auto,10542,Petrol,125,51.4,2.0
 E Class,2015,14980,Semi-Auto,59101,Diesel,160,51.4,2.1
 GLS Class,2018,43990,Automatic,10405,Diesel,145,37.2,3.0
 CL Class,2017,20750,Semi-Auto,9447,Diesel,145,67.3,2.1
 C Class,2018,26625,Automatic,7175,Diesel,145,57.7,2.0
 E Class,2019,23690,Semi-Auto,14077,Diesel,145,72.4,2.0
 CL Class,2019,25240,Automatic,14049,Diesel,145,51.4,2.2
 A Class,2019,18240,Automatic,15806,Diesel,145,68.9,1.5
 GLC Class,2017,24780,Automatic,27484,Diesel,145,56.5,2.1
 GLC Class,2017,24510,Automatic,26995,Diesel,145,56.5,2.1
 GLC Class,2019,32340,Automatic,1303,Diesel,145,44.8,2.0
 A Class,2019,20991,Semi-Auto,8728,Petrol,145,53.3,1.3
 GLC Class,2019,27890,Automatic,19072,Diesel,145,56.5,2.1
 A Class,2019,21291,Semi-Auto,13361,Diesel,145,67.3,1.5
 A Class,2019,21190,Semi-Auto,14703,Diesel,145,67.3,1.5
 E Class,2019,22990,Semi-Auto,15956,Diesel,145,72.4,2.0
 A Class,2019,18990,Semi-Auto,13145,Diesel,145,68.9,1.5
 C Class,2017,21650,Automatic,33943,Petrol,145,47.1,2.0
 E Class,2019,42590,Automatic,12419,Petrol,145,32.5,3.0
 C Class,2019,24690,Semi-Auto,15210,Petrol,145,47.1,1.5
 C Class,2017,18270,Semi-Auto,49783,Diesel,30,64.2,2.1
 GLC Class,2018,24690,Semi-Auto,40422,Diesel,145,56.5,2.1
 E Class,2015,13000,Semi-Auto,50963,Diesel,125,61.4,2.1
 GLC Class,2018,28295,Semi-Auto,15000,Diesel,145,56.5,2.1
 V Class,2018,20498,Manual,21681,Diesel,145,46.3,2.1
 CLS Class,2013,11998,Semi-Auto,60090,Diesel,200,46.3,3.0
 A Class,2013,14498,Semi-Auto,25064,Petrol,160,45.6,2.0
 B Class,2017,13298,Manual,31705,Diesel,150,68.9,1.5
 GLE Class,2017,28498,Semi-Auto,26416,Diesel,205,47.9,2.1
 GLA Class,2016,15998,Manual,34699,Diesel,20,67.3,2.1
 A Class,2015,11998,Semi-Auto,50244,Diesel,20,68.9,1.5
 C Class,2017,15990,Semi-Auto,38051,Diesel,20,64.2,2.1
 A Class,2019,20741,Semi-Auto,11112,Petrol,145,53.3,1.3
 C Class,2017,20591,Semi-Auto,21023,Diesel,30,64.2,2.1
 GLC Class,2019,27991,Semi-Auto,8811,Diesel,145,41.5,2.1
 C Class,2016,19991,Semi-Auto,35975,Diesel,20,67.3,2.1
 GLS Class,2017,38580,Automatic,22957,Diesel,145,37.2,3.0
 GLA Class,2016,18435,Semi-Auto,40882,Diesel,125,56.5,2.1
 A Class,2018,20490,Semi-Auto,640,Petrol,145,53.3,1.3
 A Class,2018,17990,Semi-Auto,20238,Petrol,145,53.3,1.3
 A Class,2019,19990,Semi-Auto,8293,Petrol,145,53.3,1.3
 A Class,2018,18490,Semi-Auto,10857,Petrol,145,53.3,1.3
 A Class,2019,18085,Semi-Auto,14669,Diesel,145,68.9,1.5
 C Class,2019,18790,Semi-Auto,14288,Diesel,145,64.2,2.1
 GLC Class,2017,29991,Semi-Auto,22489,Diesel,150,56.5,2.1
 GLA Class,2017,16990,Semi-Auto,36414,Diesel,30,64.2,2.1
 C Class,2019,30055,Automatic,3686,Diesel,145,54.3,2.0
 A Class,2019,20640,Semi-Auto,5864,Petrol,145,53.3,1.3
 A Class,2019,19599,Manual,13993,Petrol,145,28.5,1.3
 A Class,2019,20450,Manual,8428,Petrol,145,28.5,1.3
 A Class,2016,13490,Semi-Auto,33530,Diesel,20,74.3,1.5
 CL Class,2017,19290,Semi-Auto,26626,Diesel,20,67.3,2.1
 GLC Class,2016,20990,Automatic,44013,Diesel,125,56.5,2.1
 A Class,2016,14490,Manual,33626,Petrol,145,49.6,1.6
 GLC Class,2017,33990,Semi-Auto,45129,Petrol,145,34.0,3.0
 E Class,2017,19490,Semi-Auto,24046,Diesel,30,65.7,2.0
 B Class,2016,13291,Semi-Auto,45250,Diesel,20,68.9,2.1
 C Class,2015,18191,Semi-Auto,11470,Diesel,30,64.2,1.6
 C Class,2016,20991,Semi-Auto,26205,Diesel,125,58.9,2.1
 C Class,2017,20871,Semi-Auto,37194,Diesel,145,65.7,2.1
 C Class,2018,25891,Semi-Auto,2240,Petrol,145,44.1,2.0
 CL Class,2016,18391,Semi-Auto,42192,Diesel,20,67.3,2.1
 GLE Class,2017,28991,Semi-Auto,17314,Diesel,145,47.9,2.1
 GLC Class,2016,22498,Semi-Auto,25220,Diesel,125,56.5,2.1
 GLC Class,2017,24498,Semi-Auto,36058,Diesel,125,56.5,2.1
 C Class,2015,13498,Manual,31125,Diesel,20,70.6,2.1
 M Class,2015,21998,Automatic,22976,Diesel,300,39.2,3.0
 GLA Class,2014,15898,Automatic,38004,Diesel,145,55.4,2.1
 C Class,2017,19798,Semi-Auto,19877,Hybrid,0,134.5,2.0
 M Class,2014,16998,Automatic,59812,Diesel,300,39.2,3.0
 E Class,2017,21998,Semi-Auto,18812,Diesel,150,65.7,2.0
 GLE Class,2017,30298,Semi-Auto,12805,Diesel,150,47.9,2.1
 C Class,2019,24498,Semi-Auto,7937,Petrol,150,47.1,1.5
 A Class,2017,14270,Semi-Auto,65000,Diesel,20,68.9,2.1
 V Class,2018,19498,Manual,29723,Diesel,145,46.3,2.1
 CLS Class,2015,17998,Semi-Auto,46725,Diesel,145,56.5,2.1
 C Class,2017,21998,Semi-Auto,11986,Petrol,150,48.7,2.0
 GLE Class,2016,34998,Semi-Auto,17525,Diesel,300,39.2,3.0
 A Class,2017,16498,Semi-Auto,37010,Diesel,145,68.9,2.1
 CLS Class,2016,21998,Semi-Auto,20306,Diesel,165,51.4,3.0
 CL Class,2014,13495,Semi-Auto,35677,Diesel,30,62.8,2.1
 C Class,2015,14500,Semi-Auto,38783,Diesel,20,64.2,2.1
 GLE Class,2016,34698,Semi-Auto,27229,Diesel,305,39.2,3.0
 E Class,2018,31998,Semi-Auto,9000,Diesel,145,70.6,2.0
 E Class,2019,22990,Semi-Auto,14664,Diesel,145,72.4,2.0
 E Class,2019,41550,Automatic,159,Petrol,145,31.7,3.0
 E Class,2016,18991,Semi-Auto,27834,Diesel,30,65.7,2.0
 GLA Class,2016,15561,Semi-Auto,71610,Diesel,125,56.6,2.1
 A Class,2019,19991,Semi-Auto,13570,Petrol,145,53.3,1.3
 A Class,2019,19531,Manual,17447,Petrol,145,28.5,1.3
 A Class,2019,21530,Semi-Auto,14817,Diesel,145,67.3,1.5
 B Class,2018,17990,Automatic,6217,Diesel,145,68.9,2.1
 C Class,2015,13361,Semi-Auto,35034,Petrol,125,53.3,2.0
 GLE Class,2017,27692,Semi-Auto,29548,Diesel,260,42.8,3.0
 A Class,2019,21035,Automatic,3166,Petrol,145,47.9,1.3
 C Class,2017,17490,Semi-Auto,35576,Diesel,145,64.2,2.1
 C Class,2019,26427,Automatic,13888,Diesel,145,55.4,2.0
 A Class,2018,20570,Semi-Auto,1468,Petrol,145,53.3,1.3
 A Class,2018,18990,Semi-Auto,5020,Petrol,145,53.3,1.3
 C Class,2017,21991,Semi-Auto,19953,Diesel,145,67.3,2.1
 A Class,2019,20991,Semi-Auto,2513,Diesel,145,65.7,1.5
 GLA Class,2018,21591,Semi-Auto,11700,Diesel,145,56.5,2.1
 CL Class,2017,17990,Manual,24377,Diesel,20,67.3,2.1
 A Class,2019,20990,Semi-Auto,14975,Diesel,145,67.3,1.5
 A Class,2019,18190,Semi-Auto,12162,Diesel,145,65.7,1.5
 E Class,2019,22990,Semi-Auto,14107,Diesel,145,72.4,2.0
 C Class,2018,20890,Semi-Auto,3033,Petrol,145,44.1,1.5
 A Class,2019,19250,Manual,11381,Petrol,145,28.5,1.3
 A Class,2019,20990,Manual,2158,Petrol,145,47.1,1.3
 A Class,2019,20750,Semi-Auto,3915,Petrol,145,47.9,1.3
 A Class,2019,18190,Automatic,13264,Diesel,145,68.9,1.5
 GLE Class,2018,29990,Semi-Auto,15523,Diesel,145,42.8,3.0
 CLS Class,2018,23995,Semi-Auto,24315,Diesel,145,57.7,2.1
 C Class,2015,12590,Semi-Auto,65000,Diesel,150,53.3,2.1
 GLA Class,2016,16485,Manual,12400,Diesel,20,64.2,2.1
 GLA Class,2015,13485,Semi-Auto,72000,Diesel,150,55.4,2.1
 CL Class,2018,18940,Automatic,20000,Diesel,150,70.6,2.1
 C Class,2018,20885,Semi-Auto,22773,Diesel,145,61.4,2.1
 GLC Class,2018,26890,Semi-Auto,15200,Diesel,145,41.5,2.1
 A Class,2018,15995,Manual,16782,Diesel,145,72.4,1.5
 C Class,2014,25885,Semi-Auto,37000,Petrol,570,23.5,6.2
 E Class,2018,20485,Semi-Auto,31784,Diesel,145,72.4,2.0
 C Class,2016,14965,Semi-Auto,30487,Diesel,20,65.7,2.1
 E Class,2017,20480,Semi-Auto,30567,Diesel,145,65.7,2.0
 S Class,2018,41990,Semi-Auto,7527,Diesel,145,52.3,3.0
 C Class,2017,16595,Automatic,29814,Diesel,20,65.7,2.1
 C Class,2018,17940,Semi-Auto,28050,Diesel,145,64.2,2.1
 GLA Class,2016,18485,Semi-Auto,27931,Diesel,125,56.5,2.1
 C Class,2018,19940,Semi-Auto,18882,Diesel,145,61.4,2.1
 GLC Class,2016,18990,Semi-Auto,70560,Diesel,125,56.5,2.1
 CL Class,2017,17698,Manual,11472,Petrol,145,48.7,1.6
 GL Class,2013,25998,Automatic,60462,Diesel,325,35.3,3.0
 C Class,2015,17450,Semi-Auto,37000,Diesel,30,64.2,2.1
 M Class,2015,18495,Semi-Auto,71000,Diesel,200,46.3,2.1
 GLE Class,2015,24950,Semi-Auto,43800,Diesel,200,47.9,2.1
 C Class,2016,14450,Semi-Auto,34000,Diesel,20,65.7,2.1
 E Class,2014,11950,Semi-Auto,70000,Diesel,145,54.3,2.1
 GLC Class,2017,21950,Semi-Auto,57000,Diesel,125,56.5,2.1
 A Class,2016,13695,Manual,41600,Diesel,0,80.7,1.5
 C Class,2015,16440,Semi-Auto,29286,Diesel,20,64.2,2.1
 C Class,2014,9891,Semi-Auto,52500,Diesel,125,57.7,2.1
 C Class,2017,24735,Semi-Auto,22369,Diesel,145,61.4,2.1
 GLA Class,2017,20999,Semi-Auto,29209,Diesel,125,56.5,2.1
 A Class,2016,14999,Semi-Auto,19286,Petrol,125,53.3,1.6
 A Class,2017,16999,Manual,17781,Petrol,145,49.6,1.6
 GLC Class,2016,29499,Semi-Auto,19932,Diesel,145,56.5,2.1
 GLA Class,2016,17990,Semi-Auto,30171,Diesel,125,56.5,2.1
 C Class,2019,27000,Semi-Auto,6406,Diesel,145,64.2,2.0
 GLA Class,2015,19991,Semi-Auto,29087,Petrol,200,42.8,2.0
 E Class,2017,21391,Semi-Auto,16654,Diesel,145,72.4,2.0
 GLC Class,2017,25991,Semi-Auto,16008,Diesel,145,56.5,2.1
 CL Class,2019,37999,Semi-Auto,3647,Petrol,145,40.9,2.0
 A Class,2020,26999,Semi-Auto,2000,Diesel,145,62.8,1.5
 GLE Class,2019,45990,Semi-Auto,9600,Diesel,145,36.7,3.0
 GLA Class,2016,18999,Semi-Auto,36899,Diesel,125,56.5,2.1
 A Class,2020,26499,Semi-Auto,2600,Petrol,145,53.3,1.3
 B Class,2014,7495,Semi-Auto,70122,Diesel,20,68.9,1.5
 A Class,2016,12390,Manual,49846,Diesel,20,72.4,1.5
 E Class,2014,11495,Semi-Auto,40019,Diesel,30,58.9,2.1
 SLK,2013,10495,Semi-Auto,18105,Diesel,150,56.5,2.0
 E Class,2019,24489,Semi-Auto,22561,Diesel,145,61.4,2.0
 GLE Class,2016,29999,Semi-Auto,30138,Diesel,200,47.9,2.1
 GLC Class,2017,24998,Semi-Auto,53351,Diesel,145,56.5,2.1
 V Class,2018,20698,Manual,13013,Diesel,145,46.3,2.1
 V Class,2018,19998,Manual,23183,Diesel,145,46.3,2.1
 C Class,2015,16998,Semi-Auto,26273,Petrol,125,52.3,2.0
 GLC Class,2017,32998,Semi-Auto,29265,Petrol,300,34.0,3.0
 GLC Class,2017,25998,Semi-Auto,20804,Diesel,125,56.5,2.1
 GLE Class,2017,31998,Semi-Auto,30227,Diesel,300,39.2,3.0
 C Class,2017,22498,Semi-Auto,22888,Diesel,20,67.3,2.1
 B Class,2015,12998,Semi-Auto,26125,Diesel,20,67.3,1.5
 B Class,2017,12499,Manual,40219,Diesel,145,68.9,1.5
 E Class,2016,17791,Semi-Auto,35279,Diesel,125,58.9,2.1
 A Class,2016,13999,Manual,28024,Diesel,20,72.4,1.5
 GLC Class,2019,38999,Semi-Auto,9487,Diesel,145,40.9,2.0
 SL CLASS,2019,57995,Automatic,1201,Petrol,145,29.4,3.0
 GLA Class,2014,17998,Semi-Auto,34271,Petrol,200,42.8,2.0
 GLA Class,2016,17999,Semi-Auto,35231,Diesel,125,56.6,2.1
 C Class,2017,17495,Semi-Auto,25149,Petrol,145,51.4,2.0
 GLA Class,2018,21999,Semi-Auto,17306,Diesel,145,56.5,2.1
 E Class,2018,22699,Semi-Auto,18770,Diesel,145,67.3,2.0
 GLC Class,2017,24999,Semi-Auto,29897,Diesel,125,56.5,2.1
 GLA Class,2016,17999,Semi-Auto,33086,Diesel,125,56.5,2.1
 GLA Class,2015,17450,Semi-Auto,38100,Diesel,125,55.4,2.1
 E Class,2015,16499,Semi-Auto,40085,Diesel,160,51.4,2.1
 E Class,2016,17999,Semi-Auto,42217,Diesel,20,72.4,2.0
 S Class,2019,89999,Semi-Auto,1400,Petrol,145,34.0,4.0
 GLE Class,2019,56499,Semi-Auto,4315,Petrol,145,29.5,3.0
 C Class,2019,31999,Semi-Auto,1052,Diesel,145,48.7,2.0
 GLA Class,2017,16999,Manual,33014,Petrol,145,48.7,1.6
 E Class,2019,55499,Semi-Auto,2991,Petrol,145,31.7,3.0
 GLE Class,2019,46999,Semi-Auto,3769,Diesel,145,36.7,2.0
 C Class,2019,25495,Semi-Auto,5947,Petrol,145,42.2,1.6
 C Class,2019,36995,Automatic,2749,Diesel,145,54.3,2.0
 C Class,2019,30999,Semi-Auto,7144,Diesel,145,57.7,2.0
 A Class,2019,24995,Semi-Auto,4500,Diesel,145,67.3,1.5
 CLS Class,2019,44999,Semi-Auto,4000,Diesel,145,47.9,2.9
 C Class,2019,29999,Semi-Auto,4843,Diesel,145,57.7,2.0
 GLA Class,2016,19999,Semi-Auto,17344,Diesel,125,56.5,2.1
 E Class,2017,23499,Semi-Auto,20776,Diesel,125,58.9,2.0
 GLC Class,2018,28499,Semi-Auto,21659,Diesel,145,56.5,2.1
 GLC Class,2020,39499,Semi-Auto,305,Petrol,145,32.1,2.0
 GLC Class,2017,24999,Semi-Auto,17706,Diesel,125,56.5,2.1
 B Class,2017,13999,Manual,17341,Diesel,20,67.3,2.1
 C Class,2019,26499,Semi-Auto,7060,Diesel,145,56.5,2.0
 A Class,2020,26999,Semi-Auto,1000,Diesel,145,67.3,1.5
 A Class,2020,23999,Semi-Auto,2300,Petrol,145,53.3,1.3
 A Class,2020,23999,Semi-Auto,2000,Petrol,145,53.3,1.3
 B Class,2020,25999,Semi-Auto,2000,Diesel,145,55.4,2.0
 E Class,2018,23499,Semi-Auto,13904,Diesel,145,67.3,2.0
 A Class,2018,19490,Automatic,6731,Petrol,145,53.3,1.3
 C Class,2019,29290,Semi-Auto,4703,Diesel,145,57.7,2.0
 A Class,2019,20461,Semi-Auto,14658,Petrol,145,53.3,1.3
 C Class,2017,23047,Semi-Auto,8143,Diesel,145,65.7,2.1
 CLS Class,2015,17991,Semi-Auto,29139,Diesel,125,57.7,2.1
 C Class,2016,20700,Semi-Auto,27890,Diesel,20,67.3,2.1
 GLC Class,2019,33495,Semi-Auto,12344,Diesel,145,56.5,2.1
 GLA Class,2015,16791,Semi-Auto,42328,Diesel,145,55.4,2.1
 C Class,2016,17699,Semi-Auto,43236,Diesel,30,61.4,2.1
 C Class,2019,27791,Semi-Auto,9057,Diesel,145,56.5,2.0
 A Class,2019,18499,Semi-Auto,14978,Diesel,145,65.7,1.5
 A Class,2019,18499,Semi-Auto,14736,Diesel,145,65.7,1.5
 A Class,2019,18499,Semi-Auto,15383,Diesel,145,65.7,1.5
 A Class,2019,18499,Semi-Auto,18585,Diesel,145,65.7,1.5
 A Class,2019,18499,Semi-Auto,17160,Diesel,145,65.7,1.5
 E Class,2019,24491,Semi-Auto,12231,Diesel,145,72.4,2.0
 GLE Class,2020,54999,Semi-Auto,3600,Diesel,145,32.8,2.9
 A Class,2019,18499,Semi-Auto,14521,Diesel,145,65.7,1.5
 E Class,2018,27999,Semi-Auto,5170,Diesel,145,58.9,2.0
 C Class,2016,21299,Semi-Auto,12249,Petrol,150,49.6,2.0
 C Class,2017,17999,Semi-Auto,37564,Hybrid,0,134.5,2.0
 C Class,2019,19999,Semi-Auto,14360,Petrol,150,46.3,1.5
 A Class,2019,104999,Semi-Auto,5822,Petrol,150,22.6,4.0
 C Class,2017,21999,Semi-Auto,10288,Petrol,150,47.9,2.0
 GLC Class,2017,24699,Semi-Auto,28982,Diesel,125,56.5,2.1
 CLS Class,2017,20999,Semi-Auto,30987,Diesel,125,57.7,2.1
 A Class,2020,24799,Semi-Auto,1400,Petrol,145,28.5,1.3
 SL CLASS,2020,32999,Semi-Auto,600,Petrol,145,36.7,2.0
 E Class,2019,24491,Semi-Auto,10764,Diesel,145,72.4,2.0
 B Class,2017,13999,Manual,16168,Diesel,145,68.9,1.5
 E Class,2019,39999,Automatic,5000,Diesel,145,42.8,3.0
 C Class,2019,31990,Semi-Auto,4615,Diesel,145,54.3,2.0
 C Class,2018,20999,Semi-Auto,9250,Petrol,145,46.3,1.5
 CLS Class,2019,35499,Semi-Auto,12057,Diesel,145,48.7,2.9
 GLC Class,2017,24695,Semi-Auto,33620,Diesel,145,56.5,2.1
 E Class,2017,22350,Semi-Auto,14850,Diesel,145,61.4,2.0
 C Class,2015,16810,Automatic,44929,Diesel,30,64.2,2.1
 C Class,2016,18238,Automatic,44641,Diesel,30,64.2,2.1
 GLA Class,2016,18990,Automatic,32859,Diesel,125,56.5,2.1
 E Class,2015,15637,Automatic,45943,Diesel,160,51.4,2.1
 C Class,2015,16990,Semi-Auto,11954,Diesel,20,64.2,2.1
 GLC Class,2017,24994,Automatic,9867,Diesel,145,56.5,2.1
 A Class,2019,21991,Semi-Auto,9389,Petrol,145,28.5,1.3
 C Class,2015,15498,Manual,32140,Diesel,20,68.9,2.1
 E Class,2017,54999,Semi-Auto,18682,Petrol,150,31.0,4.0
 CLS Class,2015,18999,Semi-Auto,22067,Diesel,125,57.7,2.1
 E Class,2018,26499,Semi-Auto,17131,Diesel,145,57.7,2.0
 GLB Class,2020,36995,Semi-Auto,1500,Diesel,145,44.8,2.0
 CL Class,2020,31499,Semi-Auto,1500,Petrol,145,44.1,1.3
 C Class,2020,67999,Semi-Auto,1500,Petrol,145,28.0,4.0
 V Class,2020,52999,Semi-Auto,1000,Diesel,145,36.2,2.0
 E Class,2019,44999,Semi-Auto,5500,Petrol,145,29.7,3.0
 C Class,2020,34999,Semi-Auto,1500,Petrol,145,46.3,1.5
 C Class,2016,22680,Semi-Auto,28535,Diesel,125,61.4,2.1
 E Class,2017,23390,Semi-Auto,18362,Diesel,145,70.6,2.0
 C Class,2017,22440,Semi-Auto,32629,Diesel,20,67.3,2.1
 C Class,2016,17820,Semi-Auto,30748,Diesel,20,68.9,2.1
 A Class,2018,19350,Semi-Auto,14792,Diesel,145,67.3,1.5
 A Class,2017,16550,Manual,11460,Petrol,145,49.6,1.6
 GLE Class,2016,25980,Semi-Auto,38942,Diesel,260,42.8,3.0
 A Class,2018,16450,Manual,22883,Diesel,145,68.9,1.5
 E Class,2017,22970,Semi-Auto,22699,Diesel,145,70.6,2.0
 GLA Class,2016,19330,Automatic,35425,Diesel,125,56.5,2.1
 A Class,2017,14998,Semi-Auto,30626,Diesel,150,74.3,1.5
 GLA Class,2014,15498,Semi-Auto,31758,Diesel,145,55.4,2.1
 GLA Class,2016,15998,Manual,40974,Diesel,30,64.2,2.1
 C Class,2016,16498,Semi-Auto,27034,Diesel,30,65.7,1.6
 CL Class,2015,17960,Semi-Auto,30741,Diesel,20,67.3,2.1
 C Class,2015,16998,Semi-Auto,66796,Hybrid,0,74.3,2.1
 C Class,2016,19698,Semi-Auto,41056,Diesel,20,67.3,2.1
 GLE Class,2017,29498,Semi-Auto,25542,Diesel,260,42.8,3.0
 GLA Class,2016,16998,Semi-Auto,30129,Diesel,125,56.5,2.1
 A Class,2017,16998,Semi-Auto,19321,Diesel,150,68.9,2.1
 CL Class,2015,19998,Semi-Auto,29682,Diesel,20,62.8,2.1
 C Class,2016,14800,Semi-Auto,40620,Diesel,30,65.7,1.6
 C Class,2013,9881,Automatic,50591,Petrol,160,46.3,1.6
 GLA Class,2014,13447,Automatic,54146,Diesel,145,55.4,2.1
 C Class,2015,13498,Manual,14480,Petrol,125,53.3,2.0
 A Class,2016,19798,Automatic,17567,Petrol,200,42.8,2.0
 C Class,2019,24450,Semi-Auto,10471,Diesel,145,64.2,2.0
 A Class,2019,20850,Semi-Auto,12220,Petrol,145,53.3,1.3
 B Class,2019,20380,Automatic,14457,Petrol,145,45.6,1.3
 A Class,2019,20980,Semi-Auto,9767,Petrol,145,53.3,1.3
 CL Class,2019,25640,Semi-Auto,10866,Diesel,145,51.4,2.2
 B Class,2018,17990,Automatic,11290,Diesel,145,68.9,2.1
 A Class,2018,19490,Automatic,7286,Petrol,145,53.3,1.3
 A Class,2018,19660,Automatic,5177,Petrol,145,53.3,1.3
 C Class,2017,22590,Semi-Auto,41131,Diesel,30,65.7,2.1
 GLA Class,2017,19340,Semi-Auto,21425,Diesel,145,56.5,2.1
 CL Class,2017,20780,Automatic,23099,Diesel,145,67.3,2.1
 E Class,2015,15880,Automatic,34821,Diesel,125,61.4,2.1
 A Class,2017,15840,Manual,24814,Diesel,145,62.8,2.1
 CL Class,2017,20290,Automatic,21386,Diesel,20,67.3,2.1
 GLC Class,2018,27880,Semi-Auto,10408,Diesel,145,56.5,2.1
 E Class,2017,21820,Automatic,20952,Diesel,145,54.3,3.0
 A Class,2017,17600,Manual,12343,Diesel,145,68.9,1.5
 GLA Class,2016,19640,Automatic,14502,Diesel,125,56.5,2.1
 A Class,2014,10650,Manual,47280,Diesel,20,72.4,1.5
 C Class,2016,13660,Manual,26682,Diesel,20,70.6,2.1
 GLE Class,2016,29950,Semi-Auto,11118,Diesel,260,42.8,3.0
 V Class,2018,19998,Manual,26140,Diesel,145,46.3,2.1
 GLA Class,2016,17450,Semi-Auto,17626,Diesel,30,64.2,2.1
 CL Class,2016,18740,Semi-Auto,32162,Diesel,20,67.3,2.1
 GLA Class,2017,19990,Semi-Auto,14577,Diesel,125,56.5,2.1
 A Class,2017,29840,Semi-Auto,23786,Petrol,145,40.9,2.0
 GLC Class,2018,29440,Semi-Auto,9690,Diesel,145,56.5,2.1
 A Class,2019,19840,Automatic,12066,Petrol,145,53.3,1.3
 A Class,2016,15290,Manual,39162,Diesel,30,62.8,2.1
 C Class,2016,14580,Semi-Auto,33113,Diesel,20,65.7,2.1
 A Class,2019,20780,Semi-Auto,11324,Petrol,145,53.3,1.3
 C Class,2017,23990,Semi-Auto,19784,Petrol,145,42.2,2.0
 E Class,2016,17498,Semi-Auto,54502,Diesel,20,72.4,2.0
 GLE Class,2017,26998,Semi-Auto,37610,Diesel,150,42.8,3.0
 A Class,2017,15750,Semi-Auto,21000,Diesel,145,74.3,1.5
 C Class,2017,16750,Semi-Auto,20000,Diesel,145,65.7,2.1
 E Class,2016,19750,Semi-Auto,29000,Diesel,30,65.7,2.0
 GLE Class,2017,29498,Semi-Auto,22501,Diesel,200,47.9,2.1
 GLE Class,2017,25498,Semi-Auto,35725,Diesel,200,47.9,2.1
 GLA Class,2014,13991,Semi-Auto,42301,Diesel,30,62.8,2.1
 SLK,2013,11991,Semi-Auto,37411,Diesel,150,56.5,2.0
 E Class,2017,18660,Semi-Auto,30007,Diesel,145,72.4,2.0
 A Class,2017,16980,Manual,15734,Diesel,145,62.8,2.1
 C Class,2019,28660,Automatic,1610,Diesel,145,57.7,2.0
 C Class,2017,19490,Semi-Auto,31326,Diesel,125,60.1,2.1
 C Class,2017,21770,Semi-Auto,32790,Diesel,20,67.3,2.1
 CL Class,2018,19991,Semi-Auto,20297,Petrol,145,53.3,1.6
 C Class,2019,25990,Semi-Auto,11728,Diesel,145,56.5,2.0
 C Class,2019,28660,Automatic,6282,Diesel,145,54.3,2.0
 A Class,2019,19990,Semi-Auto,12503,Petrol,145,53.3,1.3
 GLS Class,2019,45550,Automatic,20429,Diesel,145,37.2,3.0
 CLS Class,2016,19770,Automatic,27167,Diesel,125,57.7,2.1
 GLA Class,2018,19950,Automatic,18621,Diesel,145,56.5,2.1
 GLE Class,2018,15491,Semi-Auto,42882,Diesel,150,47.9,2.1
 CLS Class,2013,12210,Automatic,54238,Diesel,145,54.3,2.1
 A Class,2016,14580,Manual,13232,Diesel,30,65.7,2.1
 GLE Class,2017,26600,Automatic,33848,Diesel,145,42.8,3.0
 E Class,2014,13970,Automatic,51176,Diesel,200,47.1,3.0
 A Class,2014,10990,Semi-Auto,49799,Diesel,20,68.9,2.1
 M Class,2013,15880,Semi-Auto,62791,Diesel,300,39.2,3.0
 A Class,2013,10630,Semi-Auto,52214,Diesel,30,65.7,1.8
 C Class,2014,15280,Semi-Auto,25901,Diesel,20,64.2,2.1
 A Class,2019,21490,Automatic,23000,Diesel,145,67.3,1.5
 B Class,2014,8200,Manual,39331,Diesel,0,74.3,1.5
 SLK,2013,10857,Automatic,49284,Petrol,200,43.5,2.0
 GLC Class,2017,27998,Semi-Auto,30459,Diesel,145,56.5,2.1
 E Class,2017,21498,Semi-Auto,20636,Diesel,160,52.3,3.0
 C Class,2016,19290,Semi-Auto,17600,Diesel,30,64.2,2.1
 C Class,2016,16390,Semi-Auto,31360,Diesel,20,64.2,2.1
 A Class,2016,12780,Manual,42769,Diesel,20,72.4,1.5
 CL Class,2014,17660,Semi-Auto,25237,Diesel,30,62.8,2.1
 GLA Class,2018,20550,Semi-Auto,36615,Diesel,145,56.5,2.1
 C Class,2016,18350,Semi-Auto,59625,Diesel,30,64.2,2.1
 A Class,2018,18290,Semi-Auto,7034,Diesel,145,68.9,1.5
 GLE Class,2017,28998,Semi-Auto,18801,Diesel,145,42.8,3.0
 GL Class,2015,30698,Semi-Auto,44902,Diesel,325,36.2,3.0
 E Class,2017,18798,Semi-Auto,42177,Diesel,145,72.4,2.0
 S Class,2017,27498,Semi-Auto,39872,Diesel,145,50.4,3.0
 E Class,2017,18298,Semi-Auto,53262,Diesel,30,65.7,2.0
 B Class,2014,9498,Semi-Auto,40217,Diesel,30,64.2,1.5
 GLE Class,2017,26998,Semi-Auto,20113,Diesel,200,47.9,2.1
 GLA Class,2015,14498,Manual,41042,Diesel,20,64.2,2.1
 C Class,2016,16998,Automatic,59208,Hybrid,0,76.4,2.1
 E Class,2015,19298,Semi-Auto,42040,Diesel,160,51.4,3.0
 C Class,2015,16990,Automatic,7976,Petrol,125,52.3,2.0
 E Class,2015,13527,Automatic,51933,Diesel,125,61.4,2.1
 V Class,2018,19998,Manual,24823,Diesel,145,46.3,2.1
 M Class,2013,15890,Automatic,66426,Diesel,300,39.2,3.0
 SLK,2015,13240,Semi-Auto,38487,Diesel,145,56.5,2.0
 M Class,2013,16770,Semi-Auto,41366,Diesel,300,39.2,3.0
 A Class,2016,11990,Manual,39853,Diesel,20,72.4,1.5
 GLA Class,2017,19890,Semi-Auto,27219,Diesel,145,56.5,2.1
 C Class,2015,12880,Semi-Auto,32786,Diesel,145,53.3,2.1
 C Class,2017,18660,Semi-Auto,23257,Diesel,145,61.4,2.1
 C Class,2014,14498,Semi-Auto,39442,Diesel,20,64.2,2.1
 CL Class,2015,16995,Semi-Auto,30995,Diesel,30,62.8,2.1
 C Class,2016,19798,Semi-Auto,29643,Diesel,125,60.1,2.1
 GLC Class,2017,22498,Semi-Auto,30028,Diesel,145,56.5,2.1
 GLC Class,2016,27998,Semi-Auto,43910,Diesel,145,56.5,2.1
 C Class,2016,16998,Semi-Auto,21967,Petrol,125,53.3,2.0
 V Class,2018,20498,Manual,18831,Diesel,145,46.3,2.1
 CLS Class,2016,21998,Semi-Auto,25313,Diesel,160,51.4,3.0
 M Class,2015,20498,Semi-Auto,43072,Diesel,205,39.2,2.1
 E Class,2016,19498,Semi-Auto,38238,Diesel,165,52.3,3.0
 CLS Class,2015,19298,Semi-Auto,40912,Diesel,125,57.7,2.1
 M Class,2015,21498,Semi-Auto,44984,Diesel,300,39.2,3.0
 CL Class,2014,20998,Semi-Auto,60488,Petrol,200,39.8,2.0
 GLE Class,2018,31298,Semi-Auto,6951,Diesel,145,47.9,2.1
 A Class,2013,9498,Manual,80158,Diesel,30,62.8,1.8
 B Class,2019,19998,Semi-Auto,14922,Petrol,145,45.6,1.3
 C Class,2016,17998,Semi-Auto,35721,Diesel,30,64.2,2.1
 GLA Class,2019,22599,Semi-Auto,5026,Diesel,145,67.3,2.1
 GLA Class,2017,19999,Semi-Auto,16339,Diesel,125,56.5,2.1
 C Class,2018,24799,Semi-Auto,20087,Petrol,145,47.1,2.0
 B Class,2017,13499,Manual,22926,Diesel,20,68.9,1.5
 A Class,2014,10495,Manual,53954,Diesel,20,70.6,1.5
 GLA Class,2018,18995,Manual,21000,Petrol,145,48.7,1.6
 GLE Class,2017,36995,Semi-Auto,15154,Diesel,300,39.2,3.0
 GLA Class,2017,17495,Automatic,45500,Diesel,125,56.5,2.1
 C Class,2017,18995,Automatic,11800,Diesel,145,61.4,2.1
 GLA Class,2016,17495,Semi-Auto,44499,Diesel,125,56.5,2.1
 CLS Class,2019,37499,Semi-Auto,5680,Diesel,145,48.7,2.9
 C Class,2018,27495,Semi-Auto,16347,Diesel,145,57.7,2.0
 B Class,2019,21499,Semi-Auto,14244,Petrol,145,45.6,1.3
 S Class,2018,57995,Semi-Auto,1861,Petrol,145,40.9,3.0
 S Class,2018,56000,Semi-Auto,2286,Petrol,145,40.9,3.0
 V Class,2017,35995,Semi-Auto,16830,Diesel,235,44.8,2.2
 B Class,2019,22490,Semi-Auto,1378,Petrol,145,45.6,1.3
 B Class,2019,23395,Semi-Auto,1928,Diesel,145,55.4,2.0
 C Class,2019,21795,Manual,6959,Petrol,145,46.3,1.6
 C Class,2017,33495,Semi-Auto,22574,Petrol,300,33.6,4.0
 GLE Class,2018,39999,Semi-Auto,24624,Petrol,145,32.8,3.0
 GLA Class,2018,21999,Semi-Auto,15381,Diesel,145,56.5,2.1
 GLA Class,2014,23495,Semi-Auto,27265,Petrol,235,37.7,2.0
 GLC Class,2017,24790,Semi-Auto,28894,Diesel,145,56.5,2.1
 CLS Class,2019,46495,Semi-Auto,5524,Diesel,145,47.9,2.9
 C Class,2019,34790,Semi-Auto,5298,Diesel,145,57.7,2.0
 GLC Class,2016,23790,Semi-Auto,32549,Diesel,125,56.5,2.1
 C Class,2017,18495,Semi-Auto,22994,Petrol,145,48.7,2.0
 B Class,2019,22499,Semi-Auto,1352,Petrol,145,45.6,1.3
 GLA Class,2015,17960,Semi-Auto,38339,Diesel,125,56.5,2.1
 CL Class,2014,17350,Automatic,29211,Diesel,30,62.8,2.1
 C Class,2016,23920,Automatic,18865,Diesel,30,65.7,2.1
 A Class,2018,20490,Semi-Auto,7024,Diesel,145,67.3,1.5
 A Class,2018,20490,Automatic,7148,Diesel,145,67.3,1.5
 A Class,2018,18990,Semi-Auto,17423,Diesel,145,67.3,1.5
 A Class,2019,19990,Semi-Auto,9980,Diesel,145,67.3,1.5
 C Class,2017,22960,Semi-Auto,21225,Diesel,20,67.3,2.1
 A Class,2016,15770,Semi-Auto,31711,Diesel,20,67.3,2.1
 C Class,2019,22270,Automatic,3233,Petrol,145,44.1,1.6
 C Class,2019,25795,Semi-Auto,12986,Diesel,145,58.9,2.0
 GLC Class,2016,25495,Semi-Auto,24290,Diesel,125,56.5,2.1
 E Class,2019,24999,Semi-Auto,13423,Diesel,145,72.4,2.0
 GLC Class,2016,28490,Semi-Auto,29889,Diesel,145,56.5,2.1
 GLE Class,2019,62495,Semi-Auto,11545,Petrol,145,23.9,5.5
 GLC Class,2018,28499,Semi-Auto,25861,Diesel,145,56.5,2.1
 C Class,2019,26890,Semi-Auto,1705,Petrol,145,42.2,1.6
 E Class,2019,35990,Semi-Auto,5526,Diesel,145,70.6,2.0
 C Class,2019,26885,Semi-Auto,2622,Petrol,145,42.2,1.6
 GLE Class,2017,27999,Semi-Auto,37069,Diesel,200,47.9,2.1
 C Class,2016,15699,Semi-Auto,30301,Diesel,20,65.7,2.1
 C Class,2017,18499,Semi-Auto,28480,Diesel,30,64.2,1.6
 A Class,2017,15499,Semi-Auto,18138,Petrol,125,53.3,1.6
 E Class,2019,25499,Semi-Auto,5600,Diesel,145,67.3,2.0
 E Class,2019,24995,Semi-Auto,8400,Diesel,145,72.4,2.0
 CL Class,2019,26499,Semi-Auto,11329,Diesel,145,51.4,2.2
 E Class,2017,21495,Semi-Auto,18658,Diesel,145,67.3,2.0
 C Class,2019,24499,Semi-Auto,3984,Petrol,145,44.1,1.5
 C Class,2019,30495,Semi-Auto,8771,Petrol,145,44.1,2.0
 C Class,2019,29999,Semi-Auto,1683,Diesel,145,55.4,2.0
 CL Class,2019,26499,Semi-Auto,10432,Diesel,145,51.4,2.2
 GLE Class,2017,31498,Semi-Auto,13718,Diesel,145,42.8,3.0
 A Class,2019,13498,Semi-Auto,30200,Diesel,145,67.3,1.5
 CL Class,2015,17998,Semi-Auto,28235,Diesel,30,62.8,2.1
 A Class,2014,12498,Semi-Auto,35677,Diesel,20,68.9,2.1
 C Class,2014,15998,Semi-Auto,34382,Diesel,30,64.2,2.1
 GLC Class,2016,23998,Semi-Auto,14946,Diesel,125,56.5,2.1
 GLE Class,2016,27998,Semi-Auto,21750,Diesel,205,47.9,2.1
 SL CLASS,2017,20498,Semi-Auto,18076,Diesel,30,70.6,2.1
 E Class,2017,19498,Semi-Auto,49866,Diesel,150,65.7,2.0
 GLA Class,2017,19698,Semi-Auto,6631,Petrol,150,48.7,1.6
 C Class,2016,14770,Semi-Auto,21745,Petrol,125,53.3,2.0
 A Class,2018,17218,Semi-Auto,16141,Diesel,145,70.6,2.1
 E Class,2016,16820,Semi-Auto,39096,Diesel,125,58.9,2.1
 A Class,2018,19097,Semi-Auto,7844,Petrol,145,53.3,1.3
 A Class,2018,19097,Semi-Auto,10494,Petrol,145,53.3,1.3
 GLC Class,2016,25100,Semi-Auto,27703,Diesel,125,56.5,2.1
 E Class,2016,16328,Semi-Auto,49066,Diesel,125,58.9,2.1
 C Class,2014,17330,Semi-Auto,32475,Diesel,30,64.2,2.1
 C Class,2017,17789,Semi-Auto,63019,Diesel,125,61.4,2.1
 C Class,2015,17044,Semi-Auto,48123,Diesel,30,64.2,2.1
 GLA Class,2020,23990,Semi-Auto,2500,Petrol,145,37.2,1.6
 B Class,2018,15500,Manual,6423,Diesel,145,68.9,1.5
 A Class,2020,21990,Manual,151,Petrol,145,47.1,1.3
 A Class,2020,25990,Semi-Auto,2000,Petrol,145,47.9,1.3
 GLC Class,2017,24250,Semi-Auto,24168,Diesel,125,56.5,2.1
 C Class,2017,17330,Semi-Auto,22684,Diesel,145,64.2,2.1
 A Class,2015,13500,Semi-Auto,35343,Diesel,20,68.9,2.1
 C Class,2017,18795,Automatic,46294,Diesel,20,67.3,2.1
 GLA Class,2015,15837,Semi-Auto,31091,Diesel,125,55.4,2.1
 C Class,2016,15220,Semi-Auto,39656,Diesel,20,65.7,2.1
 GLA Class,2016,17765,Automatic,36308,Diesel,125,56.5,2.1
 C Class,2016,14220,Semi-Auto,45868,Diesel,20,65.7,2.1
 C Class,2017,22260,Semi-Auto,27637,Diesel,30,64.2,2.1
 GLE Class,2017,36999,Semi-Auto,10946,Petrol,305,32.8,3.0
 CLS Class,2016,19495,Semi-Auto,31532,Diesel,125,57.7,2.1
 A Class,2019,27799,Semi-Auto,565,Petrol,145,28.5,2.0
 E Class,2016,18880,Semi-Auto,45143,Diesel,30,65.7,2.0
 C Class,2019,41880,Automatic,151,Petrol,145,29.7,3.0
 C Class,2019,30990,Automatic,151,Diesel,145,55.4,2.0
 E Class,2019,38880,Automatic,1347,Diesel,145,47.1,3.0
 C Class,2019,28880,Automatic,7324,Petrol,145,46.3,1.5
 C Class,2019,28990,Automatic,2501,Diesel,145,64.2,2.0
 C Class,2016,18700,Semi-Auto,33237,Diesel,125,58.9,2.1
 GLA Class,2018,19495,Semi-Auto,17911,Petrol,145,50.4,1.6
 B Class,2017,16299,Semi-Auto,19160,Diesel,145,68.9,2.1
 E Class,2017,23499,Semi-Auto,7898,Diesel,145,67.3,2.0
 A Class,2017,79999,Semi-Auto,13781,Petrol,145,30.1,4.0
 A Class,2019,18499,Semi-Auto,18588,Diesel,145,65.7,1.5
 C Class,2019,19895,Semi-Auto,10985,Petrol,145,46.3,1.5
 C Class,2019,27595,Semi-Auto,11480,Diesel,145,56.5,2.0
 C Class,2018,22880,Semi-Auto,23061,Diesel,145,67.3,2.1
 A Class,2018,19097,Semi-Auto,9753,Petrol,145,53.3,1.3
 A Class,2018,19097,Semi-Auto,7456,Petrol,145,53.3,1.3
 GLA Class,2017,17997,Automatic,21298,Diesel,145,56.5,2.1
 B Class,2019,16930,Manual,5317,Petrol,145,49.6,1.6
 CL Class,2017,20500,Automatic,14611,Diesel,145,67.3,2.1
 E Class,2017,19395,Semi-Auto,22767,Diesel,145,72.4,2.0
 GLA Class,2016,17863,Automatic,28483,Diesel,125,56.5,2.1
 C Class,2016,20105,Automatic,14965,Diesel,30,64.2,2.1
 GLA Class,2017,21100,Semi-Auto,21524,Diesel,145,56.5,2.1
 E Class,2016,18037,Semi-Auto,25593,Diesel,125,58.9,2.1
 GLA Class,2016,17997,Semi-Auto,29217,Diesel,125,56.5,2.1
 A Class,2018,18927,Semi-Auto,15013,Diesel,145,65.7,1.5
 A Class,2018,19127,Semi-Auto,15116,Diesel,145,65.7,1.5
 C Class,2019,28400,Semi-Auto,1287,Diesel,145,56.5,2.0
 A Class,2019,21835,Semi-Auto,9422,Diesel,145,67.3,1.5
 A Class,2019,20130,Semi-Auto,5263,Petrol,145,53.3,1.3
 A Class,2018,18436,Semi-Auto,7756,Diesel,145,68.9,1.5
 C Class,2016,22765,Automatic,25178,Diesel,30,65.7,2.1
 A Class,2019,18718,Semi-Auto,14825,Diesel,145,68.9,1.5
 C Class,2016,17770,Semi-Auto,27306,Diesel,20,64.2,2.1
 C Class,2017,18433,Semi-Auto,34278,Diesel,145,61.4,2.1
 A Class,2017,19231,Automatic,23174,Diesel,145,68.9,2.1
 A Class,2019,18499,Semi-Auto,16467,Diesel,145,65.7,1.5
 GLC Class,2020,34999,Semi-Auto,2271,Diesel,145,44.8,2.0
 C Class,2016,21440,Semi-Auto,26600,Diesel,20,67.3,2.1
 GLA Class,2015,16690,Semi-Auto,14726,Diesel,20,64.2,2.1
 GLA Class,2017,18447,Automatic,54961,Diesel,145,56.5,2.1
 GLA Class,2016,17462,Semi-Auto,24412,Diesel,30,64.2,2.1
 A Class,2016,12456,Manual,49436,Diesel,20,72.4,1.5
 A Class,2017,16979,Manual,11811,Diesel,20,68.9,1.5
 C Class,2017,22170,Semi-Auto,19155,Diesel,145,67.3,2.1
 A Class,2018,15694,Manual,43396,Diesel,145,68.9,1.5
 C Class,2016,15490,Semi-Auto,22178,Diesel,30,65.7,1.6
 GLA Class,2017,19890,Semi-Auto,22693,Diesel,125,56.5,2.1
 GLA Class,2016,17690,Semi-Auto,33242,Diesel,125,56.5,2.1
 GLA Class,2016,17690,Semi-Auto,41520,Diesel,125,56.5,2.1
 E Class,2017,21290,Semi-Auto,21165,Diesel,160,52.3,3.0
 GLB Class,2020,35400,Semi-Auto,2000,Diesel,145,46.3,2.0
 GLB Class,2020,35400,Semi-Auto,2000,Diesel,145,46.3,2.0
 A Class,2020,25490,Semi-Auto,2000,Petrol,145,45.6,2.0
 C Class,2017,20990,Semi-Auto,19733,Petrol,150,48.7,2.0
 A Class,2018,20855,Semi-Auto,8279,Petrol,145,53.3,1.3
 C Class,2017,21115,Semi-Auto,31538,Diesel,145,67.3,2.1
 A Class,2019,19990,Manual,13862,Petrol,145,28.5,1.3
 A Class,2019,19990,Manual,14210,Petrol,145,28.5,1.3
 C Class,2019,21497,Semi-Auto,3539,Diesel,145,64.2,1.6
 A Class,2019,21840,Semi-Auto,10904,Diesel,145,67.3,1.5
 A Class,2017,16898,Manual,24093,Diesel,150,62.8,2.1
 GLA Class,2014,16498,Semi-Auto,33961,Diesel,145,55.4,2.1
 S Class,2017,31998,Semi-Auto,20224,Diesel,160,52.3,3.0
 C Class,2018,27498,Semi-Auto,12170,Diesel,145,54.3,2.0
 C Class,2016,19498,Semi-Auto,24111,Hybrid,0,134.5,2.0
 CL Class,2020,29999,Semi-Auto,1100,Petrol,145,44.8,1.3
 C Class,2017,16499,Semi-Auto,30536,Petrol,150,50.4,2.0
 A Class,2016,14999,Semi-Auto,22433,Diesel,20,74.3,1.5
 CL Class,2016,18799,Semi-Auto,19930,Diesel,20,70.6,2.1
 GLA Class,2018,23499,Semi-Auto,9979,Diesel,150,56.5,2.1
 GLA Class,2017,19799,Semi-Auto,9186,Diesel,150,56.5,2.1
 GLE Class,2019,53999,Semi-Auto,9015,Petrol,150,30.1,3.0
 A Class,2019,19999,Manual,7709,Petrol,150,28.5,1.3
 A Class,2018,19297,Automatic,7236,Petrol,145,53.3,1.3
 A Class,2018,18885,Automatic,7047,Petrol,145,53.3,1.3
 A Class,2019,22990,Semi-Auto,11520,Petrol,145,53.3,1.3
 A Class,2019,18904,Semi-Auto,7848,Diesel,145,68.9,1.5
 C Class,2018,27698,Semi-Auto,10579,Diesel,145,54.3,2.0
 GLE Class,2016,7750,Semi-Auto,77456,Diesel,235,42.8,3.0
 A Class,2018,18250,Semi-Auto,22239,Petrol,145,52.3,1.6
 GLC Class,2018,28500,Semi-Auto,12670,Diesel,145,56.5,2.1
 A Class,2014,9500,Manual,66237,Diesel,20,72.4,1.5
 E Class,2016,18295,Semi-Auto,20582,Diesel,125,58.9,2.1
 A Class,2018,18995,Semi-Auto,13189,Petrol,145,52.3,1.6
 C Class,2017,23495,Semi-Auto,23033,Diesel,30,65.7,2.1
 GLC Class,2016,21995,Semi-Auto,28000,Diesel,125,56.5,2.1
 GLC Class,2017,26995,Semi-Auto,33153,Diesel,145,56.5,2.1
 GLA Class,2016,16695,Automatic,26000,Diesel,30,64.2,2.1
 GLS Class,2018,41995,Automatic,14718,Diesel,145,37.2,3.0
 E Class,2015,11995,Semi-Auto,75229,Diesel,125,60.1,2.1
 GLA Class,2017,15195,Manual,56960,Diesel,20,67.3,2.1
 CL Class,2013,10995,Manual,69965,Petrol,125,50.4,1.6
 C Class,2017,21565,Automatic,39447,Petrol,145,47.1,2.0
 C Class,2017,21697,Semi-Auto,28272,Petrol,145,47.1,2.0
 CL Class,2017,20370,Automatic,17050,Diesel,145,67.3,2.1
 GLS Class,2019,46770,Automatic,11231,Diesel,145,37.2,3.0
 S Class,2013,24530,Automatic,56061,Hybrid,190,44.8,3.5
 A Class,2017,16190,Manual,33912,Diesel,20,68.9,1.5
 C Class,2016,20990,Semi-Auto,20972,Diesel,30,64.2,2.1
 A Class,2017,15990,Manual,22231,Petrol,145,49.6,1.6
 CL Class,2015,15770,Semi-Auto,60111,Diesel,30,62.8,2.1
 E Class,2017,21690,Semi-Auto,22484,Diesel,145,65.7,2.0
 E Class,2014,14975,Semi-Auto,58145,Diesel,200,47.1,3.0
 A Class,2013,10950,Manual,56000,Diesel,20,70.6,1.5
 GLA Class,2014,13990,Automatic,56488,Diesel,145,55.4,2.1
 A Class,2016,15750,Semi-Auto,52964,Diesel,20,67.3,2.1
 E Class,2016,15790,Semi-Auto,43280,Diesel,125,56.5,2.1
 A Class,2016,15990,Semi-Auto,52518,Diesel,20,67.3,2.1
 C Class,2014,12750,Semi-Auto,74000,Diesel,30,62.8,2.1
 CL Class,2014,15990,Semi-Auto,45559,Diesel,30,62.8,2.1
 CL Class,2017,18295,Automatic,49434,Diesel,125,58.9,2.1
 GLC Class,2016,21295,Semi-Auto,64995,Diesel,125,56.5,2.1
 E Class,2014,12795,Semi-Auto,54358,Diesel,125,58.9,2.1
 CLS Class,2015,16995,Automatic,50231,Diesel,125,56.5,2.1
 CL Class,2017,18995,Semi-Auto,30877,Petrol,150,53.3,1.6
 SL CLASS,2017,18990,Manual,17261,Petrol,160,43.5,2.0
 CLS Class,2015,17450,Automatic,60972,Diesel,160,52.3,3.0
 A Class,2013,14990,Automatic,26038,Petrol,160,44.1,2.0
 E Class,2018,21990,Semi-Auto,32153,Diesel,145,61.4,2.0
 CLS Class,2013,14750,Automatic,56198,Diesel,200,46.3,3.0
 C Class,2014,13950,Semi-Auto,45527,Diesel,20,64.2,2.1
 A Class,2017,16450,Semi-Auto,37112,Diesel,20,68.9,2.1
 GLA Class,2017,14950,Manual,54952,Diesel,30,64.2,2.1
 GLC Class,2017,27950,Automatic,22244,Diesel,145,56.5,2.1
 B Class,2016,11450,Manual,23563,Diesel,20,68.9,1.5
 CL Class,2016,18250,Semi-Auto,35025,Diesel,125,58.9,2.1
 GLA Class,2017,17495,Semi-Auto,40316,Diesel,30,64.2,2.1
 A Class,2018,16195,Automatic,22000,Petrol,145,52.3,1.6
 GLE Class,2016,24495,Automatic,32790,Diesel,260,42.8,3.0
 GLC Class,2017,25995,Semi-Auto,47776,Diesel,200,47.9,3.0
 GLA Class,2014,15495,Semi-Auto,60895,Diesel,145,55.4,2.1
 A Class,2014,12450,Manual,55253,Diesel,30,62.8,2.1
 CL Class,2015,14990,Manual,35283,Petrol,145,48.7,1.6
 GLA Class,2015,17790,Semi-Auto,30000,Diesel,125,55.4,2.1
 CL Class,2015,13490,Automatic,63797,Diesel,20,68.9,2.1
 E Class,2016,17990,Semi-Auto,34356,Diesel,20,72.4,2.0
 V Class,2015,25990,Semi-Auto,56617,Diesel,235,44.8,2.2
 GLA Class,2016,15290,Manual,42365,Diesel,20,64.2,2.1
 A Class,2014,11990,Manual,61307,Diesel,20,70.6,1.5
 GLA Class,2017,15495,Manual,65261,Diesel,30,64.2,2.1
 C Class,2016,14495,Automatic,50995,Diesel,30,64.2,1.6
 CL Class,2016,15295,Manual,41774,Diesel,20,67.3,2.1
 CL Class,2016,20995,Semi-Auto,8008,Diesel,20,67.3,2.1
 C Class,2016,17699,Semi-Auto,15511,Petrol,125,52.3,2.0
 GLA Class,2017,17299,Semi-Auto,27775,Diesel,145,67.3,2.1
 A Class,2018,16499,Manual,30066,Diesel,150,68.9,1.5
 E Class,2016,16499,Semi-Auto,40930,Diesel,150,54.3,3.0
 C Class,2018,20495,Semi-Auto,24158,Diesel,145,60.1,2.1
 C Class,2019,24736,Semi-Auto,10605,Diesel,145,64.2,2.0
 E Class,2019,33995,Semi-Auto,5000,Diesel,145,45.6,2.0
 C Class,2017,18495,Semi-Auto,41857,Diesel,145,61.4,2.1
 GLC Class,2017,28699,Semi-Auto,30063,Diesel,145,56.5,2.1
 GLA Class,2015,17491,Semi-Auto,33204,Diesel,125,55.4,2.1
 C Class,2019,28995,Semi-Auto,4099,Petrol,145,46.3,1.5
 GLE Class,2019,47995,Semi-Auto,7018,Diesel,145,36.7,2.0
 A Class,2019,24795,Semi-Auto,4499,Petrol,145,28.5,1.3
 A Class,2016,13999,Manual,21396,Diesel,20,72.4,1.5
 B Class,2017,15999,Semi-Auto,13158,Diesel,150,68.9,2.1
 E Class,2016,19501,Semi-Auto,25783,Diesel,20,67.3,2.0
 CL Class,2018,21495,Semi-Auto,8016,Petrol,145,52.3,1.6
 B Class,2017,14995,Semi-Auto,26109,Diesel,20,68.9,2.1
 E Class,2019,26499,Semi-Auto,13304,Diesel,145,72.4,2.0
 S Class,2018,41999,Semi-Auto,8107,Diesel,145,52.3,3.0
 E Class,2019,25499,Semi-Auto,7488,Diesel,145,67.3,2.0
 GLC Class,2018,31950,Semi-Auto,34229,Diesel,145,56.5,2.1
 E Class,2016,18795,Semi-Auto,48207,Diesel,30,65.7,2.0
 E Class,2018,22499,Semi-Auto,26695,Diesel,145,65.7,2.0
 A Class,2017,15065,Semi-Auto,14219,Petrol,30,55.4,1.6
 C Class,2017,21190,Semi-Auto,14044,Diesel,150,61.4,2.1
 E Class,2017,22998,Semi-Auto,9926,Diesel,150,65.7,2.0
 A Class,2018,18998,Semi-Auto,14232,Diesel,145,65.7,1.5
 A Class,2014,12998,Manual,39558,Diesel,20,70.6,1.5
 E Class,2015,14998,Semi-Auto,45033,Diesel,125,56.5,2.1
 A Class,2014,12498,Semi-Auto,43904,Diesel,20,68.9,2.1
 A Class,2015,12998,Semi-Auto,42724,Diesel,20,68.9,2.1
 A Class,2014,11498,Manual,60321,Diesel,20,70.6,1.5
 C Class,2017,21595,Semi-Auto,12648,Diesel,145,67.3,2.1
 C Class,2017,21295,Semi-Auto,36135,Diesel,30,65.7,2.1
 C Class,2016,19995,Semi-Auto,19488,Diesel,30,64.2,2.1
 GLA Class,2018,21795,Semi-Auto,15387,Petrol,145,48.7,1.6
 CL Class,2018,21495,Semi-Auto,17107,Diesel,145,67.3,2.1
 E Class,2018,20795,Semi-Auto,42097,Diesel,145,65.7,2.0
 A Class,2014,13799,Semi-Auto,52311,Diesel,20,64.2,2.1
 E Class,2019,24999,Semi-Auto,13967,Diesel,145,72.4,2.0
 E Class,2019,26499,Semi-Auto,2638,Diesel,145,72.4,2.0
 A Class,2019,21499,Semi-Auto,9198,Diesel,150,56.5,2.0
 B Class,2014,9999,Semi-Auto,53516,Diesel,30,60.1,1.8
 E Class,2019,26999,Semi-Auto,6134,Diesel,150,72.4,2.0
 E Class,2017,19999,Semi-Auto,27381,Diesel,20,72.4,2.0
 M Class,2015,19995,Semi-Auto,47808,Diesel,300,39.2,3.0
 CL Class,2020,32499,Semi-Auto,2000,Diesel,145,55.4,2.0
 C Class,2015,13448,Semi-Auto,31878,Diesel,20,65.7,2.1
 X-CLASS,2018,33991,Automatic,11366,Diesel,265,31.4,3.0
 X-CLASS,2020,31991,Automatic,303,Diesel,265,35.8,2.3
 X-CLASS,2019,37891,Automatic,303,Diesel,265,31.4,3.0
 X-CLASS,2019,22995,Automatic,9772,Diesel,265,35.8,2.3
 E Class,2019,39950,Semi-Auto,9200,Diesel,145,72.4,2.0
 A Class,2016,14495,Semi-Auto,55769,Diesel,20,68.9,2.1
 GLA Class,2015,13995,Semi-Auto,62760,Diesel,20,62.8,2.1
 GLC Class,2016,22499,Semi-Auto,49822,Diesel,125,56.5,2.1
 GLC Class,2017,26999,Semi-Auto,35293,Diesel,145,56.5,2.1
 CL Class,2015,15995,Semi-Auto,37544,Petrol,125,51.4,1.6
 CL Class,2019,21995,Manual,13329,Petrol,150,44.1,1.6
 E Class,2017,25995,Automatic,22000,Diesel,145,70.6,2.0
 E Class,2016,19990,Semi-Auto,43000,Diesel,160,51.4,3.0
 C Class,2014,10190,Semi-Auto,62448,Diesel,150,56.5,2.1
 C Class,2016,18995,Semi-Auto,38305,Diesel,30,64.2,2.1
 GLA Class,2015,17485,Semi-Auto,36462,Diesel,125,55.4,2.1
 A Class,2017,17695,Automatic,7145,Diesel,145,74.3,1.5
 E Class,2016,19845,Automatic,32741,Diesel,30,65.7,2.0
 GLC Class,2016,23245,Semi-Auto,21210,Diesel,125,56.5,2.1
 GLA Class,2016,19495,Automatic,20957,Diesel,125,56.5,2.1
 A Class,2017,15995,Semi-Auto,10839,Petrol,145,55.4,1.6
 C Class,2016,15998,Semi-Auto,25202,Diesel,30,65.7,1.6
 C Class,2017,24698,Semi-Auto,28631,Diesel,150,67.3,2.1
 GLA Class,2017,30998,Semi-Auto,13409,Petrol,235,38.2,2.0
 C Class,2016,14398,Semi-Auto,29002,Diesel,20,65.7,2.1
 GLA Class,2015,15998,Semi-Auto,38858,Diesel,20,67.3,2.1
 C Class,2014,15998,Semi-Auto,66140,Diesel,125,60.1,2.1
 GLC Class,2017,23998,Semi-Auto,39647,Diesel,125,56.5,2.1
 V Class,2018,21996,Manual,32095,Diesel,145,46.3,2.1
 V Class,2018,19346,Manual,34483,Diesel,150,46.3,2.1
 V Class,2019,20391,Automatic,18812,Diesel,150,48.7,2.1
 GLA Class,2019,20995,Manual,6587,Petrol,145,40.9,1.6
 C Class,2018,19950,Semi-Auto,33082,Diesel,145,64.2,2.1
